rank,num_parameters,best_epoch,best_val_ssim,best_val_psnr,best_val_mae,best_val_loss,config_id,experiment_name,seed,model_name,channels,normalization,activation,group_count,upsampling,family_specific_config,lr,weight_decay,loss_name,l1_weight,ssim_weight,epochs,validation_rate,batch_size,num_workers,mixed_precision,deterministic,monitor,mode_monitor,min_delta,patience,tie_breaker,mode_tie_breaker
1,1927075,150,0.8718603253364563,22.238561630249023,0.07177335023880005,0.09323837975229042,b9136dd1d4a8,fac_ecl_grid_seed_0_screening_part_19,0,fac_ecl,"[32, 64, 128, 256]",group,leaky_relu,8,transposed,"{""loss"": {""low_frequency_weight"": 0.1, ""high_frequency_weight"": 0.2, ""consistency_weight"": 0.1, ""frequency_kernel_size"": 15, ""frequency_sigma"": 3.0, ""consistency"": {""exposure_min"": 0.85, ""exposure_max"": 1.15, ""gamma_min"": 0.85, ""gamma_max"": 1.15, ""color_temperature_delta"": 0.05, ""noise_sigma_min"": 0.0, ""noise_sigma_max"": 0.015}}}",0.0005,0.0001,fac_ecl,0.8,0.2,999,1,16,4,True,False,ssim,max,0.0001,15,psnr,max
2,1927075,126,0.8704067468643188,22.43161964416504,0.06950265914201736,0.08650513792383498,bcd04f2d83e7,fac_ecl_grid_seed_0_screening_part_08,0,fac_ecl,"[32, 64, 128, 256]",group,leaky_relu,8,transposed,"{""loss"": {""low_frequency_weight"": 0.05, ""high_frequency_weight"": 0.1, ""consistency_weight"": 0.02, ""frequency_kernel_size"": 15, ""frequency_sigma"": 3.0, ""consistency"": {""exposure_min"": 0.85, ""exposure_max"": 1.15, ""gamma_min"": 0.85, ""gamma_max"": 1.15, ""color_temperature_delta"": 0.05, ""noise_sigma_min"": 0.0, ""noise_sigma_max"": 0.015}}}",0.0002,0.0001,fac_ecl,0.8,0.2,999,1,16,4,True,False,ssim,max,0.0001,15,psnr,max
3,1927075,123,0.8693159222602844,22.039146423339844,0.07467994838953018,0.09290327930795973,c368d8c386cb,fac_ecl_grid_seed_0_screening_part_16,0,fac_ecl,"[32, 64, 128, 256]",group,leaky_relu,8,transposed,"{""loss"": {""low_frequency_weight"": 0.05, ""high_frequency_weight"": 0.2, ""consistency_weight"": 0.2, ""frequency_kernel_size"": 15, ""frequency_sigma"": 3.0, ""consistency"": {""exposure_min"": 0.85, ""exposure_max"": 1.15, ""gamma_min"": 0.85, ""gamma_max"": 1.15, ""color_temperature_delta"": 0.05, ""noise_sigma_min"": 0.0, ""noise_sigma_max"": 0.015}}}",0.0003,0.0001,fac_ecl,0.8,0.2,999,1,16,4,True,False,ssim,max,0.0001,15,psnr,max
4,1927075,116,0.8689536452293396,21.94849395751953,0.0753002017736435,0.09086494709270587,403e19b72d95,fac_ecl_grid_seed_0_screening_part_02,0,fac_ecl,"[32, 64, 128, 256]",group,leaky_relu,8,transposed,"{""loss"": {""low_frequency_weight"": 0.05, ""high_frequency_weight"": 0.05, ""consistency_weight"": 0.1, ""frequency_kernel_size"": 15, ""frequency_sigma"": 3.0, ""consistency"": {""exposure_min"": 0.85, ""exposure_max"": 1.15, ""gamma_min"": 0.85, ""gamma_max"": 1.15, ""color_temperature_delta"": 0.05, ""noise_sigma_min"": 0.0, ""noise_sigma_max"": 0.015}}}",0.0003,0.0001,fac_ecl,0.8,0.2,999,1,16,4,True,False,ssim,max,0.0001,15,psnr,max
5,1927075,123,0.8685231804847717,21.82352066040039,0.07646476477384567,0.09458884121715158,bd9211592f4d,fac_ecl_grid_seed_0_screening_part_15,0,fac_ecl,"[32, 64, 128, 256]",group,leaky_relu,8,transposed,"{""loss"": {""low_frequency_weight"": 0.05, ""high_frequency_weight"": 0.2, ""consistency_weight"": 0.05, ""frequency_kernel_size"": 15, ""frequency_sigma"": 3.0, ""consistency"": {""exposure_min"": 0.85, ""exposure_max"": 1.15, ""gamma_min"": 0.85, ""gamma_max"": 1.15, ""color_temperature_delta"": 0.05, ""noise_sigma_min"": 0.0, ""noise_sigma_max"": 0.015}}}",0.0003,0.0001,fac_ecl,0.8,0.2,999,1,16,4,True,False,ssim,max,0.0001,15,psnr,max
6,1927075,146,0.8677431344985962,22.01803970336914,0.074898362159729,0.09689969753009686,07b3df055de6,fac_ecl_grid_seed_0_screening_part_17,0,fac_ecl,"[32, 64, 128, 256]",group,leaky_relu,8,transposed,"{""loss"": {""low_frequency_weight"": 0.1, ""high_frequency_weight"": 0.2, ""consistency_weight"": 0.02, ""frequency_kernel_size"": 15, ""frequency_sigma"": 3.0, ""consistency"": {""exposure_min"": 0.85, ""exposure_max"": 1.15, ""gamma_min"": 0.85, ""gamma_max"": 1.15, ""color_temperature_delta"": 0.05, ""noise_sigma_min"": 0.0, ""noise_sigma_max"": 0.015}}}",0.0003,0.0001,fac_ecl,0.8,0.2,999,1,16,4,True,False,ssim,max,0.0001,15,psnr,max
7,1927075,123,0.8675433993339539,22.00421905517578,0.07417772710323334,0.09363384177719337,24c2cb4a2339,fac_ecl_grid_seed_0_screening_part_03,0,fac_ecl,"[32, 64, 128, 256]",group,leaky_relu,8,transposed,"{""loss"": {""low_frequency_weight"": 0.1, ""high_frequency_weight"": 0.05, ""consistency_weight"": 0.02, ""frequency_kernel_size"": 15, ""frequency_sigma"": 3.0, ""consistency"": {""exposure_min"": 0.85, ""exposure_max"": 1.15, ""gamma_min"": 0.85, ""gamma_max"": 1.15, ""color_temperature_delta"": 0.05, ""noise_sigma_min"": 0.0, ""noise_sigma_max"": 0.015}}}",0.0003,0.0001,fac_ecl,0.8,0.2,999,1,16,4,True,False,ssim,max,0.0001,15,psnr,max
8,1927075,113,0.8673818111419678,21.759035110473633,0.07560992240905762,0.09412650267283122,00b42d9a5537,fac_ecl_grid_seed_0_screening_part_16,0,fac_ecl,"[32, 64, 128, 256]",group,leaky_relu,8,transposed,"{""loss"": {""low_frequency_weight"": 0.05, ""high_frequency_weight"": 0.2, ""consistency_weight"": 0.1, ""frequency_kernel_size"": 15, ""frequency_sigma"": 3.0, ""consistency"": {""exposure_min"": 0.85, ""exposure_max"": 1.15, ""gamma_min"": 0.85, ""gamma_max"": 1.15, ""color_temperature_delta"": 0.05, ""noise_sigma_min"": 0.0, ""noise_sigma_max"": 0.015}}}",0.0002,0.0001,fac_ecl,0.8,0.2,999,1,16,4,True,False,ssim,max,0.0001,15,psnr,max
9,1927075,121,0.8672158122062683,21.813886642456055,0.07595836371183395,0.09176649898290634,ae9eb8113b01,fac_ecl_grid_seed_0_screening_part_01,0,fac_ecl,"[32, 64, 128, 256]",group,leaky_relu,8,transposed,"{""loss"": {""low_frequency_weight"": 0.05, ""high_frequency_weight"": 0.05, ""consistency_weight"": 0.02, ""frequency_kernel_size"": 15, ""frequency_sigma"": 3.0, ""consistency"": {""exposure_min"": 0.85, ""exposure_max"": 1.15, ""gamma_min"": 0.85, ""gamma_max"": 1.15, ""color_temperature_delta"": 0.05, ""noise_sigma_min"": 0.0, ""noise_sigma_max"": 0.015}}}",0.0003,0.0001,fac_ecl,0.8,0.2,999,1,16,4,True,False,ssim,max,0.0001,15,psnr,max
10,1927075,132,0.867171049118042,21.95026397705078,0.07437344640493393,0.10349635024001633,0a27e1b97419,fac_ecl_grid_seed_0_screening_part_17,0,fac_ecl,"[32, 64, 128, 256]",group,leaky_relu,8,transposed,"{""loss"": {""low_frequency_weight"": 0.2, ""high_frequency_weight"": 0.2, ""consistency_weight"": 0.02, ""frequency_kernel_size"": 15, ""frequency_sigma"": 3.0, ""consistency"": {""exposure_min"": 0.85, ""exposure_max"": 1.15, ""gamma_min"": 0.85, ""gamma_max"": 1.15, ""color_temperature_delta"": 0.05, ""noise_sigma_min"": 0.0, ""noise_sigma_max"": 0.015}}}",0.0002,0.0001,fac_ecl,0.8,0.2,999,1,16,4,True,False,ssim,max,0.0001,15,psnr,max
11,1927075,121,0.8671611547470093,22.087997436523438,0.07526974380016327,0.09559590779784796,2b7d7983c37c,fac_ecl_grid_seed_0_screening_part_10,0,fac_ecl,"[32, 64, 128, 256]",group,leaky_relu,8,transposed,"{""loss"": {""low_frequency_weight"": 0.1, ""high_frequency_weight"": 0.1, ""consistency_weight"": 0.02, ""frequency_kernel_size"": 15, ""frequency_sigma"": 3.0, ""consistency"": {""exposure_min"": 0.85, ""exposure_max"": 1.15, ""gamma_min"": 0.85, ""gamma_max"": 1.15, ""color_temperature_delta"": 0.05, ""noise_sigma_min"": 0.0, ""noise_sigma_max"": 0.015}}}",0.0003,0.0001,fac_ecl,0.8,0.2,999,1,16,4,True,False,ssim,max,0.0001,15,psnr,max
12,1927075,121,0.8670662045478821,21.90289306640625,0.07577184587717056,0.09607472670251045,5040bae84d4e,fac_ecl_grid_seed_0_screening_part_12,0,fac_ecl,"[32, 64, 128, 256]",group,leaky_relu,8,transposed,"{""loss"": {""low_frequency_weight"": 0.1, ""high_frequency_weight"": 0.1, ""consistency_weight"": 0.1, ""frequency_kernel_size"": 15, ""frequency_sigma"": 3.0, ""consistency"": {""exposure_min"": 0.85, ""exposure_max"": 1.15, ""gamma_min"": 0.85, ""gamma_max"": 1.15, ""color_temperature_delta"": 0.05, ""noise_sigma_min"": 0.0, ""noise_sigma_max"": 0.015}}}",0.0003,0.0001,fac_ecl,0.8,0.2,999,1,16,4,True,False,ssim,max,0.0001,15,psnr,max
13,1927075,130,0.8669215440750122,21.81187629699707,0.07538676261901855,0.1045817138924115,d3eab4c9ee9f,fac_ecl_grid_seed_0_screening_part_20,0,fac_ecl,"[32, 64, 128, 256]",group,leaky_relu,8,transposed,"{""loss"": {""low_frequency_weight"": 0.2, ""high_frequency_weight"": 0.2, ""consistency_weight"": 0.2, ""frequency_kernel_size"": 15, ""frequency_sigma"": 3.0, ""consistency"": {""exposure_min"": 0.85, ""exposure_max"": 1.15, ""gamma_min"": 0.85, ""gamma_max"": 1.15, ""color_temperature_delta"": 0.05, ""noise_sigma_min"": 0.0, ""noise_sigma_max"": 0.015}}}",0.0005,0.0001,fac_ecl,0.8,0.2,999,1,16,4,True,False,ssim,max,0.0001,15,psnr,max
14,1927075,102,0.8666874170303345,21.754844665527344,0.07601147890090942,0.0945907459742781,345f9109db87,fac_ecl_grid_seed_0_screening_part_15,0,fac_ecl,"[32, 64, 128, 256]",group,leaky_relu,8,transposed,"{""loss"": {""low_frequency_weight"": 0.05, ""high_frequency_weight"": 0.2, ""consistency_weight"": 0.02, ""frequency_kernel_size"": 15, ""frequency_sigma"": 3.0, ""consistency"": {""exposure_min"": 0.85, ""exposure_max"": 1.15, ""gamma_min"": 0.85, ""gamma_max"": 1.15, ""color_temperature_delta"": 0.05, ""noise_sigma_min"": 0.0, ""noise_sigma_max"": 0.015}}}",0.0003,0.0001,fac_ecl,0.8,0.2,999,1,16,4,True,False,ssim,max,0.0001,15,psnr,max
15,1927075,132,0.866489052772522,21.957420349121094,0.0748804584145546,0.0918815107881159,88102ae0efcf,fac_ecl_grid_seed_0_screening_part_08,0,fac_ecl,"[32, 64, 128, 256]",group,leaky_relu,8,transposed,"{""loss"": {""low_frequency_weight"": 0.05, ""high_frequency_weight"": 0.1, ""consistency_weight"": 0.05, ""frequency_kernel_size"": 15, ""frequency_sigma"": 3.0, ""consistency"": {""exposure_min"": 0.85, ""exposure_max"": 1.15, ""gamma_min"": 0.85, ""gamma_max"": 1.15, ""color_temperature_delta"": 0.05, ""noise_sigma_min"": 0.0, ""noise_sigma_max"": 0.015}}}",0.0002,0.0001,fac_ecl,0.8,0.2,999,1,16,4,True,False,ssim,max,0.0001,15,psnr,max
16,1927075,94,0.8661726713180542,21.75905990600586,0.0769043043255806,0.09547643773797629,01b7e317f5c8,fac_ecl_grid_seed_0_screening_part_16,0,fac_ecl,"[32, 64, 128, 256]",group,leaky_relu,8,transposed,"{""loss"": {""low_frequency_weight"": 0.05, ""high_frequency_weight"": 0.2, ""consistency_weight"": 0.1, ""frequency_kernel_size"": 15, ""frequency_sigma"": 3.0, ""consistency"": {""exposure_min"": 0.85, ""exposure_max"": 1.15, ""gamma_min"": 0.85, ""gamma_max"": 1.15, ""color_temperature_delta"": 0.05, ""noise_sigma_min"": 0.0, ""noise_sigma_max"": 0.015}}}",0.0003,0.0001,fac_ecl,0.8,0.2,999,1,16,4,True,False,ssim,max,0.0001,15,psnr,max
17,1927075,112,0.8661500215530396,21.976715087890625,0.07523281127214432,0.1018163655763087,01cbfac3d24b,fac_ecl_grid_seed_0_screening_part_05,0,fac_ecl,"[32, 64, 128, 256]",group,leaky_relu,8,transposed,"{""loss"": {""low_frequency_weight"": 0.2, ""high_frequency_weight"": 0.05, ""consistency_weight"": 0.1, ""frequency_kernel_size"": 15, ""frequency_sigma"": 3.0, ""consistency"": {""exposure_min"": 0.85, ""exposure_max"": 1.15, ""gamma_min"": 0.85, ""gamma_max"": 1.15, ""color_temperature_delta"": 0.05, ""noise_sigma_min"": 0.0, ""noise_sigma_max"": 0.015}}}",0.0002,0.0001,fac_ecl,0.8,0.2,999,1,16,4,True,False,ssim,max,0.0001,15,psnr,max
18,1927075,99,0.8660886287689209,22.01349449157715,0.07463361322879791,0.09701401934675548,7561bfaaff44,fac_ecl_grid_seed_0_screening_part_20,0,fac_ecl,"[32, 64, 128, 256]",group,leaky_relu,8,transposed,"{""loss"": {""low_frequency_weight"": 0.1, ""high_frequency_weight"": 0.2, ""consistency_weight"": 0.2, ""frequency_kernel_size"": 15, ""frequency_sigma"": 3.0, ""consistency"": {""exposure_min"": 0.85, ""exposure_max"": 1.15, ""gamma_min"": 0.85, ""gamma_max"": 1.15, ""color_temperature_delta"": 0.05, ""noise_sigma_min"": 0.0, ""noise_sigma_max"": 0.015}}}",0.0002,0.0001,fac_ecl,0.8,0.2,999,1,16,4,True,False,ssim,max,0.0001,15,psnr,max
19,1927075,123,0.8660333752632141,21.95265769958496,0.0762409046292305,0.10563547650109166,42baaf4671b9,fac_ecl_grid_seed_0_screening_part_20,0,fac_ecl,"[32, 64, 128, 256]",group,leaky_relu,8,transposed,"{""loss"": {""low_frequency_weight"": 0.2, ""high_frequency_weight"": 0.2, ""consistency_weight"": 0.2, ""frequency_kernel_size"": 15, ""frequency_sigma"": 3.0, ""consistency"": {""exposure_min"": 0.85, ""exposure_max"": 1.15, ""gamma_min"": 0.85, ""gamma_max"": 1.15, ""color_temperature_delta"": 0.05, ""noise_sigma_min"": 0.0, ""noise_sigma_max"": 0.015}}}",0.0002,0.0001,fac_ecl,0.8,0.2,999,1,16,4,True,False,ssim,max,0.0001,15,psnr,max
20,1927075,106,0.8659467697143555,21.811498641967773,0.07556058466434479,0.09438291019287662,792cac70c4e3,fac_ecl_grid_seed_0_screening_part_16,0,fac_ecl,"[32, 64, 128, 256]",group,leaky_relu,8,transposed,"{""loss"": {""low_frequency_weight"": 0.05, ""high_frequency_weight"": 0.2, ""consistency_weight"": 0.2, ""frequency_kernel_size"": 15, ""frequency_sigma"": 3.0, ""consistency"": {""exposure_min"": 0.85, ""exposure_max"": 1.15, ""gamma_min"": 0.85, ""gamma_max"": 1.15, ""color_temperature_delta"": 0.05, ""noise_sigma_min"": 0.0, ""noise_sigma_max"": 0.015}}}",0.0005,0.0001,fac_ecl,0.8,0.2,999,1,16,4,True,False,ssim,max,0.0001,15,psnr,max
21,1927075,109,0.8659466505050659,22.029552459716797,0.07376950234174728,0.09014892124611398,832f527489eb,fac_ecl_grid_seed_0_screening_part_02,0,fac_ecl,"[32, 64, 128, 256]",group,leaky_relu,8,transposed,"{""loss"": {""low_frequency_weight"": 0.05, ""high_frequency_weight"": 0.05, ""consistency_weight"": 0.1, ""frequency_kernel_size"": 15, ""frequency_sigma"": 3.0, ""consistency"": {""exposure_min"": 0.85, ""exposure_max"": 1.15, ""gamma_min"": 0.85, ""gamma_max"": 1.15, ""color_temperature_delta"": 0.05, ""noise_sigma_min"": 0.0, ""noise_sigma_max"": 0.015}}}",0.0002,0.0001,fac_ecl,0.8,0.2,999,1,16,4,True,False,ssim,max,0.0001,15,psnr,max
22,1927075,117,0.8658220767974854,21.646806716918945,0.07677529752254486,0.0972505759285844,b3303c9cf52e,fac_ecl_grid_seed_0_screening_part_11,0,fac_ecl,"[32, 64, 128, 256]",group,leaky_relu,8,transposed,"{""loss"": {""low_frequency_weight"": 0.1, ""high_frequency_weight"": 0.1, ""consistency_weight"": 0.05, ""frequency_kernel_size"": 15, ""frequency_sigma"": 3.0, ""consistency"": {""exposure_min"": 0.85, ""exposure_max"": 1.15, ""gamma_min"": 0.85, ""gamma_max"": 1.15, ""color_temperature_delta"": 0.05, ""noise_sigma_min"": 0.0, ""noise_sigma_max"": 0.015}}}",0.0003,0.0001,fac_ecl,0.8,0.2,999,1,16,4,True,False,ssim,max,0.0001,15,psnr,max
23,1927075,121,0.8657799363136292,21.883867263793945,0.07619329541921616,0.09225157162417537,70ab04870bf3,fac_ecl_grid_seed_0_screening_part_01,0,fac_ecl,"[32, 64, 128, 256]",group,leaky_relu,8,transposed,"{""loss"": {""low_frequency_weight"": 0.05, ""high_frequency_weight"": 0.05, ""consistency_weight"": 0.05, ""frequency_kernel_size"": 15, ""frequency_sigma"": 3.0, ""consistency"": {""exposure_min"": 0.85, ""exposure_max"": 1.15, ""gamma_min"": 0.85, ""gamma_max"": 1.15, ""color_temperature_delta"": 0.05, ""noise_sigma_min"": 0.0, ""noise_sigma_max"": 0.015}}}",0.0003,0.0001,fac_ecl,0.8,0.2,999,1,16,4,True,False,ssim,max,0.0001,15,psnr,max
24,1927075,112,0.8657028675079346,21.756935119628906,0.07598564028739929,0.1036036836280339,7c08a728dd7b,fac_ecl_grid_seed_0_screening_part_12,0,fac_ecl,"[32, 64, 128, 256]",group,leaky_relu,8,transposed,"{""loss"": {""low_frequency_weight"": 0.2, ""high_frequency_weight"": 0.1, ""consistency_weight"": 0.1, ""frequency_kernel_size"": 15, ""frequency_sigma"": 3.0, ""consistency"": {""exposure_min"": 0.85, ""exposure_max"": 1.15, ""gamma_min"": 0.85, ""gamma_max"": 1.15, ""color_temperature_delta"": 0.05, ""noise_sigma_min"": 0.0, ""noise_sigma_max"": 0.015}}}",0.0002,0.0001,fac_ecl,0.8,0.2,999,1,16,4,True,False,ssim,max,0.0001,15,psnr,max
25,1927075,116,0.8656888604164124,21.966419219970703,0.07488609850406647,0.10253237598184226,70aa215b6e05,fac_ecl_grid_seed_0_screening_part_11,0,fac_ecl,"[32, 64, 128, 256]",group,leaky_relu,8,transposed,"{""loss"": {""low_frequency_weight"": 0.2, ""high_frequency_weight"": 0.1, ""consistency_weight"": 0.05, ""frequency_kernel_size"": 15, ""frequency_sigma"": 3.0, ""consistency"": {""exposure_min"": 0.85, ""exposure_max"": 1.15, ""gamma_min"": 0.85, ""gamma_max"": 1.15, ""color_temperature_delta"": 0.05, ""noise_sigma_min"": 0.0, ""noise_sigma_max"": 0.015}}}",0.0003,0.0001,fac_ecl,0.8,0.2,999,1,16,4,True,False,ssim,max,0.0001,15,psnr,max
26,1927075,103,0.8655417561531067,21.89185905456543,0.07592194527387619,0.09834435960088951,e8cb5ea0a901,fac_ecl_grid_seed_0_screening_part_18,0,fac_ecl,"[32, 64, 128, 256]",group,leaky_relu,8,transposed,"{""loss"": {""low_frequency_weight"": 0.1, ""high_frequency_weight"": 0.2, ""consistency_weight"": 0.05, ""frequency_kernel_size"": 15, ""frequency_sigma"": 3.0, ""consistency"": {""exposure_min"": 0.85, ""exposure_max"": 1.15, ""gamma_min"": 0.85, ""gamma_max"": 1.15, ""color_temperature_delta"": 0.05, ""noise_sigma_min"": 0.0, ""noise_sigma_max"": 0.015}}}",0.0002,0.0001,fac_ecl,0.8,0.2,999,1,16,4,True,False,ssim,max,0.0001,15,psnr,max
27,1927075,120,0.8653867840766907,21.810653686523438,0.07637428492307663,0.10590739861346674,03c7698a4cfd,fac_ecl_grid_seed_0_screening_part_18,0,fac_ecl,"[32, 64, 128, 256]",group,leaky_relu,8,transposed,"{""loss"": {""low_frequency_weight"": 0.2, ""high_frequency_weight"": 0.2, ""consistency_weight"": 0.05, ""frequency_kernel_size"": 15, ""frequency_sigma"": 3.0, ""consistency"": {""exposure_min"": 0.85, ""exposure_max"": 1.15, ""gamma_min"": 0.85, ""gamma_max"": 1.15, ""color_temperature_delta"": 0.05, ""noise_sigma_min"": 0.0, ""noise_sigma_max"": 0.015}}}",0.0003,0.0001,fac_ecl,0.8,0.2,999,1,16,4,True,False,ssim,max,0.0001,15,psnr,max
28,1927075,121,0.8652094006538391,21.81737518310547,0.07641427963972092,0.1041704343928807,3b3b6aec9787,fac_ecl_grid_seed_0_screening_part_10,0,fac_ecl,"[32, 64, 128, 256]",group,leaky_relu,8,transposed,"{""loss"": {""low_frequency_weight"": 0.2, ""high_frequency_weight"": 0.1, ""consistency_weight"": 0.02, ""frequency_kernel_size"": 15, ""frequency_sigma"": 3.0, ""consistency"": {""exposure_min"": 0.85, ""exposure_max"": 1.15, ""gamma_min"": 0.85, ""gamma_max"": 1.15, ""color_temperature_delta"": 0.05, ""noise_sigma_min"": 0.0, ""noise_sigma_max"": 0.015}}}",0.0002,0.0001,fac_ecl,0.8,0.2,999,1,16,4,True,False,ssim,max,0.0001,15,psnr,max
29,1927075,77,0.8652088046073914,21.832029342651367,0.07504384219646454,0.09139288000870442,f8cc54ca7a84,fac_ecl_grid_seed_0_screening_part_02,0,fac_ecl,"[32, 64, 128, 256]",group,leaky_relu,8,transposed,"{""loss"": {""low_frequency_weight"": 0.05, ""high_frequency_weight"": 0.05, ""consistency_weight"": 0.2, ""frequency_kernel_size"": 15, ""frequency_sigma"": 3.0, ""consistency"": {""exposure_min"": 0.85, ""exposure_max"": 1.15, ""gamma_min"": 0.85, ""gamma_max"": 1.15, ""color_temperature_delta"": 0.05, ""noise_sigma_min"": 0.0, ""noise_sigma_max"": 0.015}}}",0.0003,0.0001,fac_ecl,0.8,0.2,999,1,16,4,True,False,ssim,max,0.0001,15,psnr,max
30,1927075,123,0.8652006387710571,21.816930770874023,0.07690615206956863,0.10377372034649918,418feced5078,fac_ecl_grid_seed_0_screening_part_06,0,fac_ecl,"[32, 64, 128, 256]",group,leaky_relu,8,transposed,"{""loss"": {""low_frequency_weight"": 0.2, ""high_frequency_weight"": 0.05, ""consistency_weight"": 0.2, ""frequency_kernel_size"": 15, ""frequency_sigma"": 3.0, ""consistency"": {""exposure_min"": 0.85, ""exposure_max"": 1.15, ""gamma_min"": 0.85, ""gamma_max"": 1.15, ""color_temperature_delta"": 0.05, ""noise_sigma_min"": 0.0, ""noise_sigma_max"": 0.015}}}",0.0005,0.0001,fac_ecl,0.8,0.2,999,1,16,4,True,False,ssim,max,0.0001,15,psnr,max
31,1927075,107,0.8650354743003845,21.74369239807129,0.07692300528287888,0.10383601972590321,2468f13eb86a,fac_ecl_grid_seed_0_screening_part_04,0,fac_ecl,"[32, 64, 128, 256]",group,leaky_relu,8,transposed,"{""loss"": {""low_frequency_weight"": 0.2, ""high_frequency_weight"": 0.05, ""consistency_weight"": 0.05, ""frequency_kernel_size"": 15, ""frequency_sigma"": 3.0, ""consistency"": {""exposure_min"": 0.85, ""exposure_max"": 1.15, ""gamma_min"": 0.85, ""gamma_max"": 1.15, ""color_temperature_delta"": 0.05, ""noise_sigma_min"": 0.0, ""noise_sigma_max"": 0.015}}}",0.0003,0.0001,fac_ecl,0.8,0.2,999,1,16,4,True,False,ssim,max,0.0001,15,psnr,max
32,1927075,107,0.8648815751075745,21.849824905395508,0.07532535493373871,0.10223697719798572,953c9a52e3e3,fac_ecl_grid_seed_0_screening_part_06,0,fac_ecl,"[32, 64, 128, 256]",group,leaky_relu,8,transposed,"{""loss"": {""low_frequency_weight"": 0.2, ""high_frequency_weight"": 0.05, ""consistency_weight"": 0.2, ""frequency_kernel_size"": 15, ""frequency_sigma"": 3.0, ""consistency"": {""exposure_min"": 0.85, ""exposure_max"": 1.15, ""gamma_min"": 0.85, ""gamma_max"": 1.15, ""color_temperature_delta"": 0.05, ""noise_sigma_min"": 0.0, ""noise_sigma_max"": 0.015}}}",0.0002,0.0001,fac_ecl,0.8,0.2,999,1,16,4,True,False,ssim,max,0.0001,15,psnr,max
33,1927075,140,0.8648333549499512,21.76717185974121,0.07676373422145844,0.106398470915746,b0a5fadedb65,fac_ecl_grid_seed_0_screening_part_19,0,fac_ecl,"[32, 64, 128, 256]",group,leaky_relu,8,transposed,"{""loss"": {""low_frequency_weight"": 0.2, ""high_frequency_weight"": 0.2, ""consistency_weight"": 0.1, ""frequency_kernel_size"": 15, ""frequency_sigma"": 3.0, ""consistency"": {""exposure_min"": 0.85, ""exposure_max"": 1.15, ""gamma_min"": 0.85, ""gamma_max"": 1.15, ""color_temperature_delta"": 0.05, ""noise_sigma_min"": 0.0, ""noise_sigma_max"": 0.015}}}",0.0002,0.0001,fac_ecl,0.8,0.2,999,1,16,4,True,False,ssim,max,0.0001,15,psnr,max
34,1927075,89,0.8646436333656311,21.548152923583984,0.07774996757507324,0.0965194271310516,34aa58a049f5,fac_ecl_grid_seed_0_screening_part_15,0,fac_ecl,"[32, 64, 128, 256]",group,leaky_relu,8,transposed,"{""loss"": {""low_frequency_weight"": 0.05, ""high_frequency_weight"": 0.2, ""consistency_weight"": 0.05, ""frequency_kernel_size"": 15, ""frequency_sigma"": 3.0, ""consistency"": {""exposure_min"": 0.85, ""exposure_max"": 1.15, ""gamma_min"": 0.85, ""gamma_max"": 1.15, ""color_temperature_delta"": 0.05, ""noise_sigma_min"": 0.0, ""noise_sigma_max"": 0.015}}}",0.0005,0.0001,fac_ecl,0.8,0.2,999,1,16,4,True,False,ssim,max,0.0001,15,psnr,max
35,1927075,121,0.8643675446510315,21.658607482910156,0.07740815728902817,0.10445067351279051,624858d4e710,fac_ecl_grid_seed_0_screening_part_04,0,fac_ecl,"[32, 64, 128, 256]",group,leaky_relu,8,transposed,"{""loss"": {""low_frequency_weight"": 0.2, ""high_frequency_weight"": 0.05, ""consistency_weight"": 0.05, ""frequency_kernel_size"": 15, ""frequency_sigma"": 3.0, ""consistency"": {""exposure_min"": 0.85, ""exposure_max"": 1.15, ""gamma_min"": 0.85, ""gamma_max"": 1.15, ""color_temperature_delta"": 0.05, ""noise_sigma_min"": 0.0, ""noise_sigma_max"": 0.015}}}",0.0005,0.0001,fac_ecl,0.8,0.2,999,1,16,4,True,False,ssim,max,0.0001,15,psnr,max
36,1927075,73,0.8643091320991516,21.552356719970703,0.07766687870025635,0.09472652503113815,467f72f730a9,fac_ecl_grid_seed_0_screening_part_08,0,fac_ecl,"[32, 64, 128, 256]",group,leaky_relu,8,transposed,"{""loss"": {""low_frequency_weight"": 0.05, ""high_frequency_weight"": 0.1, ""consistency_weight"": 0.02, ""frequency_kernel_size"": 15, ""frequency_sigma"": 3.0, ""consistency"": {""exposure_min"": 0.85, ""exposure_max"": 1.15, ""gamma_min"": 0.85, ""gamma_max"": 1.15, ""color_temperature_delta"": 0.05, ""noise_sigma_min"": 0.0, ""noise_sigma_max"": 0.015}}}",0.0003,0.0001,fac_ecl,0.8,0.2,999,1,16,4,True,False,ssim,max,0.0001,15,psnr,max
37,1927075,85,0.8642586469650269,21.70648193359375,0.0765753909945488,0.09380829722984978,d52e1d6ee6d6,fac_ecl_grid_seed_0_screening_part_09,0,fac_ecl,"[32, 64, 128, 256]",group,leaky_relu,8,transposed,"{""loss"": {""low_frequency_weight"": 0.05, ""high_frequency_weight"": 0.1, ""consistency_weight"": 0.2, ""frequency_kernel_size"": 15, ""frequency_sigma"": 3.0, ""consistency"": {""exposure_min"": 0.85, ""exposure_max"": 1.15, ""gamma_min"": 0.85, ""gamma_max"": 1.15, ""color_temperature_delta"": 0.05, ""noise_sigma_min"": 0.0, ""noise_sigma_max"": 0.015}}}",0.0002,0.0001,fac_ecl,0.8,0.2,999,1,16,4,True,False,ssim,max,0.0001,15,psnr,max
38,1927075,94,0.8641785383224487,21.98849105834961,0.07401338964700699,0.10103034562822702,50380681ed93,fac_ecl_grid_seed_0_screening_part_04,0,fac_ecl,"[32, 64, 128, 256]",group,leaky_relu,8,transposed,"{""loss"": {""low_frequency_weight"": 0.2, ""high_frequency_weight"": 0.05, ""consistency_weight"": 0.05, ""frequency_kernel_size"": 15, ""frequency_sigma"": 3.0, ""consistency"": {""exposure_min"": 0.85, ""exposure_max"": 1.15, ""gamma_min"": 0.85, ""gamma_max"": 1.15, ""color_temperature_delta"": 0.05, ""noise_sigma_min"": 0.0, ""noise_sigma_max"": 0.015}}}",0.0002,0.0001,fac_ecl,0.8,0.2,999,1,16,4,True,False,ssim,max,0.0001,15,psnr,max
39,1927075,121,0.864167332649231,21.743518829345703,0.07672778517007828,0.09393307329088017,6f1b7f8fae46,fac_ecl_grid_seed_0_screening_part_09,0,fac_ecl,"[32, 64, 128, 256]",group,leaky_relu,8,transposed,"{""loss"": {""low_frequency_weight"": 0.05, ""high_frequency_weight"": 0.1, ""consistency_weight"": 0.1, ""frequency_kernel_size"": 15, ""frequency_sigma"": 3.0, ""consistency"": {""exposure_min"": 0.85, ""exposure_max"": 1.15, ""gamma_min"": 0.85, ""gamma_max"": 1.15, ""color_temperature_delta"": 0.05, ""noise_sigma_min"": 0.0, ""noise_sigma_max"": 0.015}}}",0.0005,0.0001,fac_ecl,0.8,0.2,999,1,16,4,True,False,ssim,max,0.0001,15,psnr,max
40,1927075,106,0.8641548752784729,21.906343460083008,0.0753893256187439,0.10514596720104633,b5100871288c,fac_ecl_grid_seed_0_screening_part_17,0,fac_ecl,"[32, 64, 128, 256]",group,leaky_relu,8,transposed,"{""loss"": {""low_frequency_weight"": 0.2, ""high_frequency_weight"": 0.2, ""consistency_weight"": 0.02, ""frequency_kernel_size"": 15, ""frequency_sigma"": 3.0, ""consistency"": {""exposure_min"": 0.85, ""exposure_max"": 1.15, ""gamma_min"": 0.85, ""gamma_max"": 1.15, ""color_temperature_delta"": 0.05, ""noise_sigma_min"": 0.0, ""noise_sigma_max"": 0.015}}}",0.0003,0.0001,fac_ecl,0.8,0.2,999,1,16,4,True,False,ssim,max,0.0001,15,psnr,max
41,1927075,108,0.8640711307525635,21.882522583007812,0.0753561481833458,0.09188076022310533,eccfa01229ac,fac_ecl_grid_seed_0_screening_part_01,0,fac_ecl,"[32, 64, 128, 256]",group,leaky_relu,8,transposed,"{""loss"": {""low_frequency_weight"": 0.05, ""high_frequency_weight"": 0.05, ""consistency_weight"": 0.05, ""frequency_kernel_size"": 15, ""frequency_sigma"": 3.0, ""consistency"": {""exposure_min"": 0.85, ""exposure_max"": 1.15, ""gamma_min"": 0.85, ""gamma_max"": 1.15, ""color_temperature_delta"": 0.05, ""noise_sigma_min"": 0.0, ""noise_sigma_max"": 0.015}}}",0.0005,0.0001,fac_ecl,0.8,0.2,999,1,16,4,True,False,ssim,max,0.0001,15,psnr,max
42,1927075,102,0.8639664053916931,21.659982681274414,0.07622809708118439,0.09619553678709528,bd1e173e4b50,fac_ecl_grid_seed_0_screening_part_03,0,fac_ecl,"[32, 64, 128, 256]",group,leaky_relu,8,transposed,"{""loss"": {""low_frequency_weight"": 0.1, ""high_frequency_weight"": 0.05, ""consistency_weight"": 0.02, ""frequency_kernel_size"": 15, ""frequency_sigma"": 3.0, ""consistency"": {""exposure_min"": 0.85, ""exposure_max"": 1.15, ""gamma_min"": 0.85, ""gamma_max"": 1.15, ""color_temperature_delta"": 0.05, ""noise_sigma_min"": 0.0, ""noise_sigma_max"": 0.015}}}",0.0005,0.0001,fac_ecl,0.8,0.2,999,1,16,4,True,False,ssim,max,0.0001,15,psnr,max
43,1927075,113,0.8639611005783081,21.848955154418945,0.07571548223495483,0.0931096968875415,d159183a9d26,fac_ecl_grid_seed_0_screening_part_08,0,fac_ecl,"[32, 64, 128, 256]",group,leaky_relu,8,transposed,"{""loss"": {""low_frequency_weight"": 0.05, ""high_frequency_weight"": 0.1, ""consistency_weight"": 0.05, ""frequency_kernel_size"": 15, ""frequency_sigma"": 3.0, ""consistency"": {""exposure_min"": 0.85, ""exposure_max"": 1.15, ""gamma_min"": 0.85, ""gamma_max"": 1.15, ""color_temperature_delta"": 0.05, ""noise_sigma_min"": 0.0, ""noise_sigma_max"": 0.015}}}",0.0005,0.0001,fac_ecl,0.8,0.2,999,1,16,4,True,False,ssim,max,0.0001,15,psnr,max
44,1927075,97,0.8639360666275024,21.941057205200195,0.07497358322143555,0.09506098731704381,f9dc7f1544e5,fac_ecl_grid_seed_0_screening_part_05,0,fac_ecl,"[32, 64, 128, 256]",group,leaky_relu,8,transposed,"{""loss"": {""low_frequency_weight"": 0.1, ""high_frequency_weight"": 0.05, ""consistency_weight"": 0.1, ""frequency_kernel_size"": 15, ""frequency_sigma"": 3.0, ""consistency"": {""exposure_min"": 0.85, ""exposure_max"": 1.15, ""gamma_min"": 0.85, ""gamma_max"": 1.15, ""color_temperature_delta"": 0.05, ""noise_sigma_min"": 0.0, ""noise_sigma_max"": 0.015}}}",0.0002,0.0001,fac_ecl,0.8,0.2,999,1,16,4,True,False,ssim,max,0.0001,15,psnr,max
45,1927075,86,0.8639315366744995,21.91324806213379,0.0753122940659523,0.09459330649047658,69d3de708e67,fac_ecl_grid_seed_0_screening_part_15,0,fac_ecl,"[32, 64, 128, 256]",group,leaky_relu,8,transposed,"{""loss"": {""low_frequency_weight"": 0.05, ""high_frequency_weight"": 0.2, ""consistency_weight"": 0.02, ""frequency_kernel_size"": 15, ""frequency_sigma"": 3.0, ""consistency"": {""exposure_min"": 0.85, ""exposure_max"": 1.15, ""gamma_min"": 0.85, ""gamma_max"": 1.15, ""color_temperature_delta"": 0.05, ""noise_sigma_min"": 0.0, ""noise_sigma_max"": 0.015}}}",0.0002,0.0001,fac_ecl,0.8,0.2,999,1,16,4,True,False,ssim,max,0.0001,15,psnr,max
46,1927075,83,0.8638197779655457,21.555484771728516,0.0779872015118599,0.09872287911349449,ee9695b5d887,fac_ecl_grid_seed_0_screening_part_13,0,fac_ecl,"[32, 64, 128, 256]",group,leaky_relu,8,transposed,"{""loss"": {""low_frequency_weight"": 0.1, ""high_frequency_weight"": 0.1, ""consistency_weight"": 0.2, ""frequency_kernel_size"": 15, ""frequency_sigma"": 3.0, ""consistency"": {""exposure_min"": 0.85, ""exposure_max"": 1.15, ""gamma_min"": 0.85, ""gamma_max"": 1.15, ""color_temperature_delta"": 0.05, ""noise_sigma_min"": 0.0, ""noise_sigma_max"": 0.015}}}",0.0003,0.0001,fac_ecl,0.8,0.2,999,1,16,4,True,False,ssim,max,0.0001,15,psnr,max
47,1927075,80,0.863791286945343,21.79269790649414,0.07604552060365677,0.09877414623464363,76581ade9ae9,fac_ecl_grid_seed_0_screening_part_20,0,fac_ecl,"[32, 64, 128, 256]",group,leaky_relu,8,transposed,"{""loss"": {""low_frequency_weight"": 0.1, ""high_frequency_weight"": 0.2, ""consistency_weight"": 0.2, ""frequency_kernel_size"": 15, ""frequency_sigma"": 3.0, ""consistency"": {""exposure_min"": 0.85, ""exposure_max"": 1.15, ""gamma_min"": 0.85, ""gamma_max"": 1.15, ""color_temperature_delta"": 0.05, ""noise_sigma_min"": 0.0, ""noise_sigma_max"": 0.015}}}",0.0003,0.0001,fac_ecl,0.8,0.2,999,1,16,4,True,False,ssim,max,0.0001,15,psnr,max
48,1927075,95,0.8637467622756958,21.61919593811035,0.0784565880894661,0.10095775732095691,c53b00f6490e,fac_ecl_grid_seed_0_screening_part_19,0,fac_ecl,"[32, 64, 128, 256]",group,leaky_relu,8,transposed,"{""loss"": {""low_frequency_weight"": 0.1, ""high_frequency_weight"": 0.2, ""consistency_weight"": 0.1, ""frequency_kernel_size"": 15, ""frequency_sigma"": 3.0, ""consistency"": {""exposure_min"": 0.85, ""exposure_max"": 1.15, ""gamma_min"": 0.85, ""gamma_max"": 1.15, ""color_temperature_delta"": 0.05, ""noise_sigma_min"": 0.0, ""noise_sigma_max"": 0.015}}}",0.0003,0.0001,fac_ecl,0.8,0.2,999,1,16,4,True,False,ssim,max,0.0001,15,psnr,max
49,1927075,96,0.8637320399284363,21.684202194213867,0.07791770994663239,0.10770797718694244,2ae9f58d74d8,fac_ecl_grid_seed_0_screening_part_20,0,fac_ecl,"[32, 64, 128, 256]",group,leaky_relu,8,transposed,"{""loss"": {""low_frequency_weight"": 0.2, ""high_frequency_weight"": 0.2, ""consistency_weight"": 0.2, ""frequency_kernel_size"": 15, ""frequency_sigma"": 3.0, ""consistency"": {""exposure_min"": 0.85, ""exposure_max"": 1.15, ""gamma_min"": 0.85, ""gamma_max"": 1.15, ""color_temperature_delta"": 0.05, ""noise_sigma_min"": 0.0, ""noise_sigma_max"": 0.015}}}",0.0003,0.0001,fac_ecl,0.8,0.2,999,1,16,4,True,False,ssim,max,0.0001,15,psnr,max
50,1927075,86,0.8637251853942871,21.815330505371094,0.07670418173074722,0.10388081866329994,50e7b5943e1e,fac_ecl_grid_seed_0_screening_part_03,0,fac_ecl,"[32, 64, 128, 256]",group,leaky_relu,8,transposed,"{""loss"": {""low_frequency_weight"": 0.2, ""high_frequency_weight"": 0.05, ""consistency_weight"": 0.02, ""frequency_kernel_size"": 15, ""frequency_sigma"": 3.0, ""consistency"": {""exposure_min"": 0.85, ""exposure_max"": 1.15, ""gamma_min"": 0.85, ""gamma_max"": 1.15, ""color_temperature_delta"": 0.05, ""noise_sigma_min"": 0.0, ""noise_sigma_max"": 0.015}}}",0.0003,0.0001,fac_ecl,0.8,0.2,999,1,16,4,True,False,ssim,max,0.0001,15,psnr,max
51,1927075,93,0.863682746887207,21.65387725830078,0.07785734534263611,0.09679432094529056,dddcf7c321a9,fac_ecl_grid_seed_0_screening_part_15,0,fac_ecl,"[32, 64, 128, 256]",group,leaky_relu,8,transposed,"{""loss"": {""low_frequency_weight"": 0.05, ""high_frequency_weight"": 0.2, ""consistency_weight"": 0.02, ""frequency_kernel_size"": 15, ""frequency_sigma"": 3.0, ""consistency"": {""exposure_min"": 0.85, ""exposure_max"": 1.15, ""gamma_min"": 0.85, ""gamma_max"": 1.15, ""color_temperature_delta"": 0.05, ""noise_sigma_min"": 0.0, ""noise_sigma_max"": 0.015}}}",0.0005,0.0001,fac_ecl,0.8,0.2,999,1,16,4,True,False,ssim,max,0.0001,15,psnr,max
52,1927075,132,0.8636730909347534,21.522735595703125,0.07833589613437653,0.09451094896033191,8837cf11c2f7,fac_ecl_grid_seed_0_screening_part_01,0,fac_ecl,"[32, 64, 128, 256]",group,leaky_relu,8,transposed,"{""loss"": {""low_frequency_weight"": 0.05, ""high_frequency_weight"": 0.05, ""consistency_weight"": 0.02, ""frequency_kernel_size"": 15, ""frequency_sigma"": 3.0, ""consistency"": {""exposure_min"": 0.85, ""exposure_max"": 1.15, ""gamma_min"": 0.85, ""gamma_max"": 1.15, ""color_temperature_delta"": 0.05, ""noise_sigma_min"": 0.0, ""noise_sigma_max"": 0.015}}}",0.0005,0.0001,fac_ecl,0.8,0.2,999,1,16,4,True,False,ssim,max,0.0001,15,psnr,max
53,1927075,97,0.8636652827262878,21.733505249023438,0.07667548954486847,0.10652445170326509,85168a17cc4d,fac_ecl_grid_seed_0_screening_part_19,0,fac_ecl,"[32, 64, 128, 256]",group,leaky_relu,8,transposed,"{""loss"": {""low_frequency_weight"": 0.2, ""high_frequency_weight"": 0.2, ""consistency_weight"": 0.1, ""frequency_kernel_size"": 15, ""frequency_sigma"": 3.0, ""consistency"": {""exposure_min"": 0.85, ""exposure_max"": 1.15, ""gamma_min"": 0.85, ""gamma_max"": 1.15, ""color_temperature_delta"": 0.05, ""noise_sigma_min"": 0.0, ""noise_sigma_max"": 0.015}}}",0.0003,0.0001,fac_ecl,0.8,0.2,999,1,16,4,True,False,ssim,max,0.0001,15,psnr,max
54,1927075,92,0.8636236786842346,21.780757904052734,0.07709197700023651,0.09435037793456644,7a86e9a6cffd,fac_ecl_grid_seed_0_screening_part_09,0,fac_ecl,"[32, 64, 128, 256]",group,leaky_relu,8,transposed,"{""loss"": {""low_frequency_weight"": 0.05, ""high_frequency_weight"": 0.1, ""consistency_weight"": 0.1, ""frequency_kernel_size"": 15, ""frequency_sigma"": 3.0, ""consistency"": {""exposure_min"": 0.85, ""exposure_max"": 1.15, ""gamma_min"": 0.85, ""gamma_max"": 1.15, ""color_temperature_delta"": 0.05, ""noise_sigma_min"": 0.0, ""noise_sigma_max"": 0.015}}}",0.0003,0.0001,fac_ecl,0.8,0.2,999,1,16,4,True,False,ssim,max,0.0001,15,psnr,max
55,1927075,92,0.8636068105697632,21.681257247924805,0.07699980586767197,0.09337425383104794,75c8c99779c3,fac_ecl_grid_seed_0_screening_part_02,0,fac_ecl,"[32, 64, 128, 256]",group,leaky_relu,8,transposed,"{""loss"": {""low_frequency_weight"": 0.05, ""high_frequency_weight"": 0.05, ""consistency_weight"": 0.2, ""frequency_kernel_size"": 15, ""frequency_sigma"": 3.0, ""consistency"": {""exposure_min"": 0.85, ""exposure_max"": 1.15, ""gamma_min"": 0.85, ""gamma_max"": 1.15, ""color_temperature_delta"": 0.05, ""noise_sigma_min"": 0.0, ""noise_sigma_max"": 0.015}}}",0.0002,0.0001,fac_ecl,0.8,0.2,999,1,16,4,True,False,ssim,max,0.0001,15,psnr,max
56,1927075,92,0.8635150194168091,21.718647003173828,0.07728797942399979,0.0999636287274568,416898e3349a,fac_ecl_grid_seed_0_screening_part_17,0,fac_ecl,"[32, 64, 128, 256]",group,leaky_relu,8,transposed,"{""loss"": {""low_frequency_weight"": 0.1, ""high_frequency_weight"": 0.2, ""consistency_weight"": 0.02, ""frequency_kernel_size"": 15, ""frequency_sigma"": 3.0, ""consistency"": {""exposure_min"": 0.85, ""exposure_max"": 1.15, ""gamma_min"": 0.85, ""gamma_max"": 1.15, ""color_temperature_delta"": 0.05, ""noise_sigma_min"": 0.0, ""noise_sigma_max"": 0.015}}}",0.0002,0.0001,fac_ecl,0.8,0.2,999,1,16,4,True,False,ssim,max,0.0001,15,psnr,max
57,1927075,94,0.8634618520736694,21.5458984375,0.078316830098629,0.10645827510650607,bb31ca958760,fac_ecl_grid_seed_0_screening_part_13,0,fac_ecl,"[32, 64, 128, 256]",group,leaky_relu,8,transposed,"{""loss"": {""low_frequency_weight"": 0.2, ""high_frequency_weight"": 0.1, ""consistency_weight"": 0.2, ""frequency_kernel_size"": 15, ""frequency_sigma"": 3.0, ""consistency"": {""exposure_min"": 0.85, ""exposure_max"": 1.15, ""gamma_min"": 0.85, ""gamma_max"": 1.15, ""color_temperature_delta"": 0.05, ""noise_sigma_min"": 0.0, ""noise_sigma_max"": 0.015}}}",0.0005,0.0001,fac_ecl,0.8,0.2,999,1,16,4,True,False,ssim,max,0.0001,15,psnr,max
58,1927075,86,0.8633131980895996,21.727279663085938,0.07725391536951065,0.09638769719479741,6ba52a0ff952,fac_ecl_grid_seed_0_screening_part_16,0,fac_ecl,"[32, 64, 128, 256]",group,leaky_relu,8,transposed,"{""loss"": {""low_frequency_weight"": 0.05, ""high_frequency_weight"": 0.2, ""consistency_weight"": 0.2, ""frequency_kernel_size"": 15, ""frequency_sigma"": 3.0, ""consistency"": {""exposure_min"": 0.85, ""exposure_max"": 1.15, ""gamma_min"": 0.85, ""gamma_max"": 1.15, ""color_temperature_delta"": 0.05, ""noise_sigma_min"": 0.0, ""noise_sigma_max"": 0.015}}}",0.0002,0.0001,fac_ecl,0.8,0.2,999,1,16,4,True,False,ssim,max,0.0001,15,psnr,max
59,1927075,89,0.863169252872467,21.67548179626465,0.07703621685504913,0.09711771533972975,de0e6da008fb,fac_ecl_grid_seed_0_screening_part_05,0,fac_ecl,"[32, 64, 128, 256]",group,leaky_relu,8,transposed,"{""loss"": {""low_frequency_weight"": 0.1, ""high_frequency_weight"": 0.05, ""consistency_weight"": 0.1, ""frequency_kernel_size"": 15, ""frequency_sigma"": 3.0, ""consistency"": {""exposure_min"": 0.85, ""exposure_max"": 1.15, ""gamma_min"": 0.85, ""gamma_max"": 1.15, ""color_temperature_delta"": 0.05, ""noise_sigma_min"": 0.0, ""noise_sigma_max"": 0.015}}}",0.0003,0.0001,fac_ecl,0.8,0.2,999,1,16,4,True,False,ssim,max,0.0001,15,psnr,max
60,1927075,87,0.8631343841552734,21.724994659423828,0.07610592991113663,0.09270418543314589,e9b353251371,fac_ecl_grid_seed_0_screening_part_01,0,fac_ecl,"[32, 64, 128, 256]",group,leaky_relu,8,transposed,"{""loss"": {""low_frequency_weight"": 0.05, ""high_frequency_weight"": 0.05, ""consistency_weight"": 0.05, ""frequency_kernel_size"": 15, ""frequency_sigma"": 3.0, ""consistency"": {""exposure_min"": 0.85, ""exposure_max"": 1.15, ""gamma_min"": 0.85, ""gamma_max"": 1.15, ""color_temperature_delta"": 0.05, ""noise_sigma_min"": 0.0, ""noise_sigma_max"": 0.015}}}",0.0002,0.0001,fac_ecl,0.8,0.2,999,1,16,4,True,False,ssim,max,0.0001,15,psnr,max
61,1927075,85,0.8629438281059265,21.60465431213379,0.07838468253612518,0.0956312135077905,c37f73120719,fac_ecl_grid_seed_0_screening_part_09,0,fac_ecl,"[32, 64, 128, 256]",group,leaky_relu,8,transposed,"{""loss"": {""low_frequency_weight"": 0.05, ""high_frequency_weight"": 0.1, ""consistency_weight"": 0.1, ""frequency_kernel_size"": 15, ""frequency_sigma"": 3.0, ""consistency"": {""exposure_min"": 0.85, ""exposure_max"": 1.15, ""gamma_min"": 0.85, ""gamma_max"": 1.15, ""color_temperature_delta"": 0.05, ""noise_sigma_min"": 0.0, ""noise_sigma_max"": 0.015}}}",0.0002,0.0001,fac_ecl,0.8,0.2,999,1,16,4,True,False,ssim,max,0.0001,15,psnr,max
62,1927075,113,0.8627517223358154,21.80113410949707,0.07565860450267792,0.09863964317069537,ce66487ece52,fac_ecl_grid_seed_0_screening_part_21,0,fac_ecl,"[32, 64, 128, 256]",group,leaky_relu,8,transposed,"{""loss"": {""low_frequency_weight"": 0.1, ""high_frequency_weight"": 0.2, ""consistency_weight"": 0.02, ""frequency_kernel_size"": 15, ""frequency_sigma"": 3.0, ""consistency"": {""exposure_min"": 0.85, ""exposure_max"": 1.15, ""gamma_min"": 0.85, ""gamma_max"": 1.15, ""color_temperature_delta"": 0.05, ""noise_sigma_min"": 0.0, ""noise_sigma_max"": 0.015}}}",0.001,0.0001,fac_ecl,0.8,0.2,999,1,16,4,True,False,ssim,max,0.0001,15,psnr,max
63,1927075,102,0.8623195886611938,21.823471069335938,0.07569650560617447,0.10403021014686945,0487dc6c27bf,fac_ecl_grid_seed_0_screening_part_12,0,fac_ecl,"[32, 64, 128, 256]",group,leaky_relu,8,transposed,"{""loss"": {""low_frequency_weight"": 0.2, ""high_frequency_weight"": 0.1, ""consistency_weight"": 0.1, ""frequency_kernel_size"": 15, ""frequency_sigma"": 3.0, ""consistency"": {""exposure_min"": 0.85, ""exposure_max"": 1.15, ""gamma_min"": 0.85, ""gamma_max"": 1.15, ""color_temperature_delta"": 0.05, ""noise_sigma_min"": 0.0, ""noise_sigma_max"": 0.015}}}",0.0003,0.0001,fac_ecl,0.8,0.2,999,1,16,4,True,False,ssim,max,0.0001,15,psnr,max
64,1927075,93,0.8623071908950806,21.517736434936523,0.07899780571460724,0.09995636462733365,07991af37402,fac_ecl_grid_seed_0_screening_part_10,0,fac_ecl,"[32, 64, 128, 256]",group,leaky_relu,8,transposed,"{""loss"": {""low_frequency_weight"": 0.1, ""high_frequency_weight"": 0.1, ""consistency_weight"": 0.02, ""frequency_kernel_size"": 15, ""frequency_sigma"": 3.0, ""consistency"": {""exposure_min"": 0.85, ""exposure_max"": 1.15, ""gamma_min"": 0.85, ""gamma_max"": 1.15, ""color_temperature_delta"": 0.05, ""noise_sigma_min"": 0.0, ""noise_sigma_max"": 0.015}}}",0.0005,0.0001,fac_ecl,0.8,0.2,999,1,16,4,True,False,ssim,max,0.0001,15,psnr,max
65,1927075,96,0.8622442483901978,21.66132926940918,0.07765103131532669,0.10507254432076993,02bce1140252,fac_ecl_grid_seed_0_screening_part_03,0,fac_ecl,"[32, 64, 128, 256]",group,leaky_relu,8,transposed,"{""loss"": {""low_frequency_weight"": 0.2, ""high_frequency_weight"": 0.05, ""consistency_weight"": 0.02, ""frequency_kernel_size"": 15, ""frequency_sigma"": 3.0, ""consistency"": {""exposure_min"": 0.85, ""exposure_max"": 1.15, ""gamma_min"": 0.85, ""gamma_max"": 1.15, ""color_temperature_delta"": 0.05, ""noise_sigma_min"": 0.0, ""noise_sigma_max"": 0.015}}}",0.0002,0.0001,fac_ecl,0.8,0.2,999,1,16,4,True,False,ssim,max,0.0001,15,psnr,max
66,1927075,97,0.8622252345085144,21.961793899536133,0.07432825863361359,0.10262456115173257,53ea433f1768,fac_ecl_grid_seed_0_screening_part_10,0,fac_ecl,"[32, 64, 128, 256]",group,leaky_relu,8,transposed,"{""loss"": {""low_frequency_weight"": 0.2, ""high_frequency_weight"": 0.1, ""consistency_weight"": 0.02, ""frequency_kernel_size"": 15, ""frequency_sigma"": 3.0, ""consistency"": {""exposure_min"": 0.85, ""exposure_max"": 1.15, ""gamma_min"": 0.85, ""gamma_max"": 1.15, ""color_temperature_delta"": 0.05, ""noise_sigma_min"": 0.0, ""noise_sigma_max"": 0.015}}}",0.0003,0.0001,fac_ecl,0.8,0.2,999,1,16,4,True,False,ssim,max,0.0001,15,psnr,max
67,1927075,73,0.861856997013092,21.554590225219727,0.07754317671060562,0.10058133012574652,7625470bdf6e,fac_ecl_grid_seed_0_screening_part_18,0,fac_ecl,"[32, 64, 128, 256]",group,leaky_relu,8,transposed,"{""loss"": {""low_frequency_weight"": 0.1, ""high_frequency_weight"": 0.2, ""consistency_weight"": 0.05, ""frequency_kernel_size"": 15, ""frequency_sigma"": 3.0, ""consistency"": {""exposure_min"": 0.85, ""exposure_max"": 1.15, ""gamma_min"": 0.85, ""gamma_max"": 1.15, ""color_temperature_delta"": 0.05, ""noise_sigma_min"": 0.0, ""noise_sigma_max"": 0.015}}}",0.0005,0.0001,fac_ecl,0.8,0.2,999,1,16,4,True,False,ssim,max,0.0001,15,psnr,max
68,1927075,110,0.8618008494377136,21.558767318725586,0.07776340842247009,0.09713563290627106,13d5addf5e1c,fac_ecl_grid_seed_0_screening_part_15,0,fac_ecl,"[32, 64, 128, 256]",group,leaky_relu,8,transposed,"{""loss"": {""low_frequency_weight"": 0.05, ""high_frequency_weight"": 0.2, ""consistency_weight"": 0.02, ""frequency_kernel_size"": 15, ""frequency_sigma"": 3.0, ""consistency"": {""exposure_min"": 0.85, ""exposure_max"": 1.15, ""gamma_min"": 0.85, ""gamma_max"": 1.15, ""color_temperature_delta"": 0.05, ""noise_sigma_min"": 0.0, ""noise_sigma_max"": 0.015}}}",0.001,0.0001,fac_ecl,0.8,0.2,999,1,16,4,True,False,ssim,max,0.0001,15,psnr,max
69,1927075,83,0.8617122769355774,21.656404495239258,0.07684648782014847,0.09719727209944656,c4176f0b4eb9,fac_ecl_grid_seed_0_screening_part_06,0,fac_ecl,"[32, 64, 128, 256]",group,leaky_relu,8,transposed,"{""loss"": {""low_frequency_weight"": 0.1, ""high_frequency_weight"": 0.05, ""consistency_weight"": 0.2, ""frequency_kernel_size"": 15, ""frequency_sigma"": 3.0, ""consistency"": {""exposure_min"": 0.85, ""exposure_max"": 1.15, ""gamma_min"": 0.85, ""gamma_max"": 1.15, ""color_temperature_delta"": 0.05, ""noise_sigma_min"": 0.0, ""noise_sigma_max"": 0.015}}}",0.0005,0.0001,fac_ecl,0.8,0.2,999,1,16,4,True,False,ssim,max,0.0001,15,psnr,max
70,1927075,80,0.8616160750389099,21.73477554321289,0.07639006525278091,0.09773246425649394,80d9ff49affd,fac_ecl_grid_seed_0_screening_part_10,0,fac_ecl,"[32, 64, 128, 256]",group,leaky_relu,8,transposed,"{""loss"": {""low_frequency_weight"": 0.1, ""high_frequency_weight"": 0.1, ""consistency_weight"": 0.02, ""frequency_kernel_size"": 15, ""frequency_sigma"": 3.0, ""consistency"": {""exposure_min"": 0.85, ""exposure_max"": 1.15, ""gamma_min"": 0.85, ""gamma_max"": 1.15, ""color_temperature_delta"": 0.05, ""noise_sigma_min"": 0.0, ""noise_sigma_max"": 0.015}}}",0.0002,0.0001,fac_ecl,0.8,0.2,999,1,16,4,True,False,ssim,max,0.0001,15,psnr,max
71,1927075,106,0.8615488409996033,21.47773551940918,0.07764599472284317,0.10795757066512453,a225e36bb3ce,fac_ecl_grid_seed_0_screening_part_19,0,fac_ecl,"[32, 64, 128, 256]",group,leaky_relu,8,transposed,"{""loss"": {""low_frequency_weight"": 0.2, ""high_frequency_weight"": 0.2, ""consistency_weight"": 0.1, ""frequency_kernel_size"": 15, ""frequency_sigma"": 3.0, ""consistency"": {""exposure_min"": 0.85, ""exposure_max"": 1.15, ""gamma_min"": 0.85, ""gamma_max"": 1.15, ""color_temperature_delta"": 0.05, ""noise_sigma_min"": 0.0, ""noise_sigma_max"": 0.015}}}",0.0005,0.0001,fac_ecl,0.8,0.2,999,1,16,4,True,False,ssim,max,0.0001,15,psnr,max
72,1927075,77,0.861427903175354,21.655786514282227,0.07760588824748993,0.09705760707889778,c9a3a93c277e,fac_ecl_grid_seed_0_screening_part_15,0,fac_ecl,"[32, 64, 128, 256]",group,leaky_relu,8,transposed,"{""loss"": {""low_frequency_weight"": 0.05, ""high_frequency_weight"": 0.2, ""consistency_weight"": 0.05, ""frequency_kernel_size"": 15, ""frequency_sigma"": 3.0, ""consistency"": {""exposure_min"": 0.85, ""exposure_max"": 1.15, ""gamma_min"": 0.85, ""gamma_max"": 1.15, ""color_temperature_delta"": 0.05, ""noise_sigma_min"": 0.0, ""noise_sigma_max"": 0.015}}}",0.0002,0.0001,fac_ecl,0.8,0.2,999,1,16,4,True,False,ssim,max,0.0001,15,psnr,max
73,1927075,96,0.861305296421051,21.5028133392334,0.07923980802297592,0.09574486164079196,3f1d00647216,fac_ecl_grid_seed_0_screening_part_01,0,fac_ecl,"[32, 64, 128, 256]",group,leaky_relu,8,transposed,"{""loss"": {""low_frequency_weight"": 0.05, ""high_frequency_weight"": 0.05, ""consistency_weight"": 0.05, ""frequency_kernel_size"": 15, ""frequency_sigma"": 3.0, ""consistency"": {""exposure_min"": 0.85, ""exposure_max"": 1.15, ""gamma_min"": 0.85, ""gamma_max"": 1.15, ""color_temperature_delta"": 0.05, ""noise_sigma_min"": 0.0, ""noise_sigma_max"": 0.015}}}",0.001,0.0001,fac_ecl,0.8,0.2,999,1,16,4,True,False,ssim,max,0.0001,15,psnr,max
74,1927075,87,0.8612529635429382,21.622024536132812,0.07792802155017853,0.09827521151822546,42a5a3f3a100,fac_ecl_grid_seed_0_screening_part_03,0,fac_ecl,"[32, 64, 128, 256]",group,leaky_relu,8,transposed,"{""loss"": {""low_frequency_weight"": 0.1, ""high_frequency_weight"": 0.05, ""consistency_weight"": 0.02, ""frequency_kernel_size"": 15, ""frequency_sigma"": 3.0, ""consistency"": {""exposure_min"": 0.85, ""exposure_max"": 1.15, ""gamma_min"": 0.85, ""gamma_max"": 1.15, ""color_temperature_delta"": 0.05, ""noise_sigma_min"": 0.0, ""noise_sigma_max"": 0.015}}}",0.0002,0.0001,fac_ecl,0.8,0.2,999,1,16,4,True,False,ssim,max,0.0001,15,psnr,max
75,1927075,113,0.861223578453064,21.474315643310547,0.07820480316877365,0.1058125960222189,4a3816da1ff4,fac_ecl_grid_seed_0_screening_part_07,0,fac_ecl,"[32, 64, 128, 256]",group,leaky_relu,8,transposed,"{""loss"": {""low_frequency_weight"": 0.2, ""high_frequency_weight"": 0.05, ""consistency_weight"": 0.02, ""frequency_kernel_size"": 15, ""frequency_sigma"": 3.0, ""consistency"": {""exposure_min"": 0.85, ""exposure_max"": 1.15, ""gamma_min"": 0.85, ""gamma_max"": 1.15, ""color_temperature_delta"": 0.05, ""noise_sigma_min"": 0.0, ""noise_sigma_max"": 0.015}}}",0.001,0.0001,fac_ecl,0.8,0.2,999,1,16,4,True,False,ssim,max,0.0001,15,psnr,max
76,1927075,74,0.8611838817596436,21.619443893432617,0.07770465314388275,0.1062848588478738,f59464e896d2,fac_ecl_grid_seed_0_screening_part_13,0,fac_ecl,"[32, 64, 128, 256]",group,leaky_relu,8,transposed,"{""loss"": {""low_frequency_weight"": 0.2, ""high_frequency_weight"": 0.1, ""consistency_weight"": 0.2, ""frequency_kernel_size"": 15, ""frequency_sigma"": 3.0, ""consistency"": {""exposure_min"": 0.85, ""exposure_max"": 1.15, ""gamma_min"": 0.85, ""gamma_max"": 1.15, ""color_temperature_delta"": 0.05, ""noise_sigma_min"": 0.0, ""noise_sigma_max"": 0.015}}}",0.0003,0.0001,fac_ecl,0.8,0.2,999,1,16,4,True,False,ssim,max,0.0001,15,psnr,max
77,1927075,143,0.8611540794372559,21.74923324584961,0.07669053226709366,0.09453109036321225,3bed27d71ec3,fac_ecl_grid_seed_0_screening_part_08,0,fac_ecl,"[32, 64, 128, 256]",group,leaky_relu,8,transposed,"{""loss"": {""low_frequency_weight"": 0.05, ""high_frequency_weight"": 0.1, ""consistency_weight"": 0.05, ""frequency_kernel_size"": 15, ""frequency_sigma"": 3.0, ""consistency"": {""exposure_min"": 0.85, ""exposure_max"": 1.15, ""gamma_min"": 0.85, ""gamma_max"": 1.15, ""color_temperature_delta"": 0.05, ""noise_sigma_min"": 0.0, ""noise_sigma_max"": 0.015}}}",0.001,0.0001,fac_ecl,0.8,0.2,999,1,16,4,True,False,ssim,max,0.0001,15,psnr,max
78,1927075,87,0.8611478209495544,21.827789306640625,0.07528288662433624,0.09684509611216144,0a489a14ccfc,fac_ecl_grid_seed_0_screening_part_11,0,fac_ecl,"[32, 64, 128, 256]",group,leaky_relu,8,transposed,"{""loss"": {""low_frequency_weight"": 0.1, ""high_frequency_weight"": 0.1, ""consistency_weight"": 0.05, ""frequency_kernel_size"": 15, ""frequency_sigma"": 3.0, ""consistency"": {""exposure_min"": 0.85, ""exposure_max"": 1.15, ""gamma_min"": 0.85, ""gamma_max"": 1.15, ""color_temperature_delta"": 0.05, ""noise_sigma_min"": 0.0, ""noise_sigma_max"": 0.015}}}",0.0002,0.0001,fac_ecl,0.8,0.2,999,1,16,4,True,False,ssim,max,0.0001,15,psnr,max
79,1927075,73,0.8607907891273499,21.516780853271484,0.07813700288534164,0.10132196783155635,3083a212304a,fac_ecl_grid_seed_0_screening_part_17,0,fac_ecl,"[32, 64, 128, 256]",group,leaky_relu,8,transposed,"{""loss"": {""low_frequency_weight"": 0.1, ""high_frequency_weight"": 0.2, ""consistency_weight"": 0.02, ""frequency_kernel_size"": 15, ""frequency_sigma"": 3.0, ""consistency"": {""exposure_min"": 0.85, ""exposure_max"": 1.15, ""gamma_min"": 0.85, ""gamma_max"": 1.15, ""color_temperature_delta"": 0.05, ""noise_sigma_min"": 0.0, ""noise_sigma_max"": 0.015}}}",0.0005,0.0001,fac_ecl,0.8,0.2,999,1,16,4,True,False,ssim,max,0.0001,15,psnr,max
80,1927075,90,0.860742449760437,21.605974197387695,0.07744870334863663,0.0943352488287981,dbaa2ade0059,fac_ecl_grid_seed_0_screening_part_02,0,fac_ecl,"[32, 64, 128, 256]",group,leaky_relu,8,transposed,"{""loss"": {""low_frequency_weight"": 0.05, ""high_frequency_weight"": 0.05, ""consistency_weight"": 0.2, ""frequency_kernel_size"": 15, ""frequency_sigma"": 3.0, ""consistency"": {""exposure_min"": 0.85, ""exposure_max"": 1.15, ""gamma_min"": 0.85, ""gamma_max"": 1.15, ""color_temperature_delta"": 0.05, ""noise_sigma_min"": 0.0, ""noise_sigma_max"": 0.015}}}",0.0005,0.0001,fac_ecl,0.8,0.2,999,1,16,4,True,False,ssim,max,0.0001,15,psnr,max
81,1927075,109,0.8606219291687012,21.63140106201172,0.07618416100740433,0.10664898945369582,0d029bda4976,fac_ecl_grid_seed_0_screening_part_21,0,fac_ecl,"[32, 64, 128, 256]",group,leaky_relu,8,transposed,"{""loss"": {""low_frequency_weight"": 0.2, ""high_frequency_weight"": 0.2, ""consistency_weight"": 0.1, ""frequency_kernel_size"": 15, ""frequency_sigma"": 3.0, ""consistency"": {""exposure_min"": 0.85, ""exposure_max"": 1.15, ""gamma_min"": 0.85, ""gamma_max"": 1.15, ""color_temperature_delta"": 0.05, ""noise_sigma_min"": 0.0, ""noise_sigma_max"": 0.015}}}",0.001,0.0001,fac_ecl,0.8,0.2,999,1,16,4,True,False,ssim,max,0.0001,15,psnr,max
82,1927075,92,0.8605855107307434,21.488048553466797,0.07795785367488861,0.10852564828119417,5839e2e6e94f,fac_ecl_grid_seed_0_screening_part_17,0,fac_ecl,"[32, 64, 128, 256]",group,leaky_relu,8,transposed,"{""loss"": {""low_frequency_weight"": 0.2, ""high_frequency_weight"": 0.2, ""consistency_weight"": 0.02, ""frequency_kernel_size"": 15, ""frequency_sigma"": 3.0, ""consistency"": {""exposure_min"": 0.85, ""exposure_max"": 1.15, ""gamma_min"": 0.85, ""gamma_max"": 1.15, ""color_temperature_delta"": 0.05, ""noise_sigma_min"": 0.0, ""noise_sigma_max"": 0.015}}}",0.0005,0.0001,fac_ecl,0.8,0.2,999,1,16,4,True,False,ssim,max,0.0001,15,psnr,max
83,1927075,73,0.8605265617370605,21.719173431396484,0.07621148228645325,0.10398134805154109,38ed89570f48,fac_ecl_grid_seed_0_screening_part_06,0,fac_ecl,"[32, 64, 128, 256]",group,leaky_relu,8,transposed,"{""loss"": {""low_frequency_weight"": 0.2, ""high_frequency_weight"": 0.05, ""consistency_weight"": 0.2, ""frequency_kernel_size"": 15, ""frequency_sigma"": 3.0, ""consistency"": {""exposure_min"": 0.85, ""exposure_max"": 1.15, ""gamma_min"": 0.85, ""gamma_max"": 1.15, ""color_temperature_delta"": 0.05, ""noise_sigma_min"": 0.0, ""noise_sigma_max"": 0.015}}}",0.0003,0.0001,fac_ecl,0.8,0.2,999,1,16,4,True,False,ssim,max,0.0001,15,psnr,max
84,1927075,63,0.8604745864868164,21.585973739624023,0.07821746170520782,0.10146983000247375,06a91ce5f41c,fac_ecl_grid_seed_0_screening_part_18,0,fac_ecl,"[32, 64, 128, 256]",group,leaky_relu,8,transposed,"{""loss"": {""low_frequency_weight"": 0.1, ""high_frequency_weight"": 0.2, ""consistency_weight"": 0.05, ""frequency_kernel_size"": 15, ""frequency_sigma"": 3.0, ""consistency"": {""exposure_min"": 0.85, ""exposure_max"": 1.15, ""gamma_min"": 0.85, ""gamma_max"": 1.15, ""color_temperature_delta"": 0.05, ""noise_sigma_min"": 0.0, ""noise_sigma_max"": 0.015}}}",0.0003,0.0001,fac_ecl,0.8,0.2,999,1,16,4,True,False,ssim,max,0.0001,15,psnr,max
85,1927075,65,0.8604061007499695,21.663097381591797,0.07715601474046707,0.10053884605134743,66e335a8c736,fac_ecl_grid_seed_0_screening_part_19,0,fac_ecl,"[32, 64, 128, 256]",group,leaky_relu,8,transposed,"{""loss"": {""low_frequency_weight"": 0.1, ""high_frequency_weight"": 0.2, ""consistency_weight"": 0.1, ""frequency_kernel_size"": 15, ""frequency_sigma"": 3.0, ""consistency"": {""exposure_min"": 0.85, ""exposure_max"": 1.15, ""gamma_min"": 0.85, ""gamma_max"": 1.15, ""color_temperature_delta"": 0.05, ""noise_sigma_min"": 0.0, ""noise_sigma_max"": 0.015}}}",0.0002,0.0001,fac_ecl,0.8,0.2,999,1,16,4,True,False,ssim,max,0.0001,15,psnr,max
86,1927075,58,0.8603984713554382,21.520065307617188,0.07826811075210571,0.09603807297737701,559af00aff58,fac_ecl_grid_seed_0_screening_part_09,0,fac_ecl,"[32, 64, 128, 256]",group,leaky_relu,8,transposed,"{""loss"": {""low_frequency_weight"": 0.05, ""high_frequency_weight"": 0.1, ""consistency_weight"": 0.2, ""frequency_kernel_size"": 15, ""frequency_sigma"": 3.0, ""consistency"": {""exposure_min"": 0.85, ""exposure_max"": 1.15, ""gamma_min"": 0.85, ""gamma_max"": 1.15, ""color_temperature_delta"": 0.05, ""noise_sigma_min"": 0.0, ""noise_sigma_max"": 0.015}}}",0.0003,0.0001,fac_ecl,0.8,0.2,999,1,16,4,True,False,ssim,max,0.0001,15,psnr,max
87,1927075,158,0.8603248000144958,21.78000831604004,0.0757029578089714,0.0964395786109178,f475128520e5,fac_ecl_grid_seed_0_screening_part_07,0,fac_ecl,"[32, 64, 128, 256]",group,leaky_relu,8,transposed,"{""loss"": {""low_frequency_weight"": 0.1, ""high_frequency_weight"": 0.05, ""consistency_weight"": 0.05, ""frequency_kernel_size"": 15, ""frequency_sigma"": 3.0, ""consistency"": {""exposure_min"": 0.85, ""exposure_max"": 1.15, ""gamma_min"": 0.85, ""gamma_max"": 1.15, ""color_temperature_delta"": 0.05, ""noise_sigma_min"": 0.0, ""noise_sigma_max"": 0.015}}}",0.001,0.0001,fac_ecl,0.8,0.2,999,1,16,4,True,False,ssim,max,0.0001,15,psnr,max
88,1927075,90,0.8601383566856384,21.57288360595703,0.07800913602113724,0.0994823823372523,3d84c35c9f52,fac_ecl_grid_seed_0_screening_part_13,0,fac_ecl,"[32, 64, 128, 256]",group,leaky_relu,8,transposed,"{""loss"": {""low_frequency_weight"": 0.1, ""high_frequency_weight"": 0.1, ""consistency_weight"": 0.2, ""frequency_kernel_size"": 15, ""frequency_sigma"": 3.0, ""consistency"": {""exposure_min"": 0.85, ""exposure_max"": 1.15, ""gamma_min"": 0.85, ""gamma_max"": 1.15, ""color_temperature_delta"": 0.05, ""noise_sigma_min"": 0.0, ""noise_sigma_max"": 0.015}}}",0.0005,0.0001,fac_ecl,0.8,0.2,999,1,16,4,True,False,ssim,max,0.0001,15,psnr,max
89,1927075,68,0.8601245880126953,21.35811424255371,0.07959654927253723,0.10002514385226843,4eb485100e40,fac_ecl_grid_seed_0_screening_part_05,0,fac_ecl,"[32, 64, 128, 256]",group,leaky_relu,8,transposed,"{""loss"": {""low_frequency_weight"": 0.1, ""high_frequency_weight"": 0.05, ""consistency_weight"": 0.1, ""frequency_kernel_size"": 15, ""frequency_sigma"": 3.0, ""consistency"": {""exposure_min"": 0.85, ""exposure_max"": 1.15, ""gamma_min"": 0.85, ""gamma_max"": 1.15, ""color_temperature_delta"": 0.05, ""noise_sigma_min"": 0.0, ""noise_sigma_max"": 0.015}}}",0.0005,0.0001,fac_ecl,0.8,0.2,999,1,16,4,True,False,ssim,max,0.0001,15,psnr,max
90,1927075,60,0.8601169586181641,21.616313934326172,0.07731354981660843,0.09526881154464639,ddec41631764,fac_ecl_grid_seed_0_screening_part_08,0,fac_ecl,"[32, 64, 128, 256]",group,leaky_relu,8,transposed,"{""loss"": {""low_frequency_weight"": 0.05, ""high_frequency_weight"": 0.1, ""consistency_weight"": 0.05, ""frequency_kernel_size"": 15, ""frequency_sigma"": 3.0, ""consistency"": {""exposure_min"": 0.85, ""exposure_max"": 1.15, ""gamma_min"": 0.85, ""gamma_max"": 1.15, ""color_temperature_delta"": 0.05, ""noise_sigma_min"": 0.0, ""noise_sigma_max"": 0.015}}}",0.0003,0.0001,fac_ecl,0.8,0.2,999,1,16,4,True,False,ssim,max,0.0001,15,psnr,max
91,1927075,68,0.860103189945221,21.5014705657959,0.07943510264158249,0.09616676534431567,810b2d6df75c,fac_ecl_grid_seed_0_screening_part_01,0,fac_ecl,"[32, 64, 128, 256]",group,leaky_relu,8,transposed,"{""loss"": {""low_frequency_weight"": 0.05, ""high_frequency_weight"": 0.05, ""consistency_weight"": 0.02, ""frequency_kernel_size"": 15, ""frequency_sigma"": 3.0, ""consistency"": {""exposure_min"": 0.85, ""exposure_max"": 1.15, ""gamma_min"": 0.85, ""gamma_max"": 1.15, ""color_temperature_delta"": 0.05, ""noise_sigma_min"": 0.0, ""noise_sigma_max"": 0.015}}}",0.0002,0.0001,fac_ecl,0.8,0.2,999,1,16,4,True,False,ssim,max,0.0001,15,psnr,max
92,1927075,63,0.8599387407302856,21.610557556152344,0.07882680743932724,0.10026971110399219,5199e6580a0e,fac_ecl_grid_seed_0_screening_part_11,0,fac_ecl,"[32, 64, 128, 256]",group,leaky_relu,8,transposed,"{""loss"": {""low_frequency_weight"": 0.1, ""high_frequency_weight"": 0.1, ""consistency_weight"": 0.05, ""frequency_kernel_size"": 15, ""frequency_sigma"": 3.0, ""consistency"": {""exposure_min"": 0.85, ""exposure_max"": 1.15, ""gamma_min"": 0.85, ""gamma_max"": 1.15, ""color_temperature_delta"": 0.05, ""noise_sigma_min"": 0.0, ""noise_sigma_max"": 0.015}}}",0.0005,0.0001,fac_ecl,0.8,0.2,999,1,16,4,True,False,ssim,max,0.0001,15,psnr,max
93,1927075,109,0.8599302768707275,21.503292083740234,0.07749871909618378,0.09815519097922505,48c95772c431,fac_ecl_grid_seed_0_screening_part_07,0,fac_ecl,"[32, 64, 128, 256]",group,leaky_relu,8,transposed,"{""loss"": {""low_frequency_weight"": 0.1, ""high_frequency_weight"": 0.05, ""consistency_weight"": 0.2, ""frequency_kernel_size"": 15, ""frequency_sigma"": 3.0, ""consistency"": {""exposure_min"": 0.85, ""exposure_max"": 1.15, ""gamma_min"": 0.85, ""gamma_max"": 1.15, ""color_temperature_delta"": 0.05, ""noise_sigma_min"": 0.0, ""noise_sigma_max"": 0.015}}}",0.001,0.0001,fac_ecl,0.8,0.2,999,1,16,4,True,False,ssim,max,0.0001,15,psnr,max
94,1927075,74,0.8598392605781555,21.615734100341797,0.07833390682935715,0.09892016022965527,6ced69d8616c,fac_ecl_grid_seed_0_screening_part_04,0,fac_ecl,"[32, 64, 128, 256]",group,leaky_relu,8,transposed,"{""loss"": {""low_frequency_weight"": 0.1, ""high_frequency_weight"": 0.05, ""consistency_weight"": 0.05, ""frequency_kernel_size"": 15, ""frequency_sigma"": 3.0, ""consistency"": {""exposure_min"": 0.85, ""exposure_max"": 1.15, ""gamma_min"": 0.85, ""gamma_max"": 1.15, ""color_temperature_delta"": 0.05, ""noise_sigma_min"": 0.0, ""noise_sigma_max"": 0.015}}}",0.0002,0.0001,fac_ecl,0.8,0.2,999,1,16,4,True,False,ssim,max,0.0001,15,psnr,max
95,1927075,92,0.8598133325576782,21.50366973876953,0.07834945619106293,0.09987931784944258,20419e6f5628,fac_ecl_grid_seed_0_screening_part_14,0,fac_ecl,"[32, 64, 128, 256]",group,leaky_relu,8,transposed,"{""loss"": {""low_frequency_weight"": 0.1, ""high_frequency_weight"": 0.1, ""consistency_weight"": 0.2, ""frequency_kernel_size"": 15, ""frequency_sigma"": 3.0, ""consistency"": {""exposure_min"": 0.85, ""exposure_max"": 1.15, ""gamma_min"": 0.85, ""gamma_max"": 1.15, ""color_temperature_delta"": 0.05, ""noise_sigma_min"": 0.0, ""noise_sigma_max"": 0.015}}}",0.001,0.0001,fac_ecl,0.8,0.2,999,1,16,4,True,False,ssim,max,0.0001,15,psnr,max
96,1927075,74,0.8596272468566895,21.517797470092773,0.07887081801891327,0.107745963378229,cf989f998d16,fac_ecl_grid_seed_0_screening_part_11,0,fac_ecl,"[32, 64, 128, 256]",group,leaky_relu,8,transposed,"{""loss"": {""low_frequency_weight"": 0.2, ""high_frequency_weight"": 0.1, ""consistency_weight"": 0.05, ""frequency_kernel_size"": 15, ""frequency_sigma"": 3.0, ""consistency"": {""exposure_min"": 0.85, ""exposure_max"": 1.15, ""gamma_min"": 0.85, ""gamma_max"": 1.15, ""color_temperature_delta"": 0.05, ""noise_sigma_min"": 0.0, ""noise_sigma_max"": 0.015}}}",0.0002,0.0001,fac_ecl,0.8,0.2,999,1,16,4,True,False,ssim,max,0.0001,15,psnr,max
97,1927075,86,0.8595118522644043,21.49726104736328,0.07756571471691132,0.098341624373975,93904d8657f4,fac_ecl_grid_seed_0_screening_part_04,0,fac_ecl,"[32, 64, 128, 256]",group,leaky_relu,8,transposed,"{""loss"": {""low_frequency_weight"": 0.1, ""high_frequency_weight"": 0.05, ""consistency_weight"": 0.05, ""frequency_kernel_size"": 15, ""frequency_sigma"": 3.0, ""consistency"": {""exposure_min"": 0.85, ""exposure_max"": 1.15, ""gamma_min"": 0.85, ""gamma_max"": 1.15, ""color_temperature_delta"": 0.05, ""noise_sigma_min"": 0.0, ""noise_sigma_max"": 0.015}}}",0.0005,0.0001,fac_ecl,0.8,0.2,999,1,16,4,True,False,ssim,max,0.0001,15,psnr,max
98,1927075,84,0.8595046401023865,21.648473739624023,0.07740747928619385,0.09908156680024188,894e6786c339,fac_ecl_grid_seed_0_screening_part_13,0,fac_ecl,"[32, 64, 128, 256]",group,leaky_relu,8,transposed,"{""loss"": {""low_frequency_weight"": 0.1, ""high_frequency_weight"": 0.1, ""consistency_weight"": 0.2, ""frequency_kernel_size"": 15, ""frequency_sigma"": 3.0, ""consistency"": {""exposure_min"": 0.85, ""exposure_max"": 1.15, ""gamma_min"": 0.85, ""gamma_max"": 1.15, ""color_temperature_delta"": 0.05, ""noise_sigma_min"": 0.0, ""noise_sigma_max"": 0.015}}}",0.0002,0.0001,fac_ecl,0.8,0.2,999,1,16,4,True,False,ssim,max,0.0001,15,psnr,max
99,1927075,110,0.859278678894043,21.787351608276367,0.0765451118350029,0.10545097032318944,269f7b05f79d,fac_ecl_grid_seed_0_screening_part_14,0,fac_ecl,"[32, 64, 128, 256]",group,leaky_relu,8,transposed,"{""loss"": {""low_frequency_weight"": 0.2, ""high_frequency_weight"": 0.1, ""consistency_weight"": 0.2, ""frequency_kernel_size"": 15, ""frequency_sigma"": 3.0, ""consistency"": {""exposure_min"": 0.85, ""exposure_max"": 1.15, ""gamma_min"": 0.85, ""gamma_max"": 1.15, ""color_temperature_delta"": 0.05, ""noise_sigma_min"": 0.0, ""noise_sigma_max"": 0.015}}}",0.001,0.0001,fac_ecl,0.8,0.2,999,1,16,4,True,False,ssim,max,0.0001,15,psnr,max
100,1927075,109,0.8590943813323975,21.45911979675293,0.07829510420560837,0.09999987321055454,d45a0d11c40e,fac_ecl_grid_seed_0_screening_part_14,0,fac_ecl,"[32, 64, 128, 256]",group,leaky_relu,8,transposed,"{""loss"": {""low_frequency_weight"": 0.1, ""high_frequency_weight"": 0.1, ""consistency_weight"": 0.1, ""frequency_kernel_size"": 15, ""frequency_sigma"": 3.0, ""consistency"": {""exposure_min"": 0.85, ""exposure_max"": 1.15, ""gamma_min"": 0.85, ""gamma_max"": 1.15, ""color_temperature_delta"": 0.05, ""noise_sigma_min"": 0.0, ""noise_sigma_max"": 0.015}}}",0.001,0.0001,fac_ecl,0.8,0.2,999,1,16,4,True,False,ssim,max,0.0001,15,psnr,max
101,1927075,81,0.8589918613433838,21.686447143554688,0.07640480995178223,0.10719083616698998,bdf58287a0cd,fac_ecl_grid_seed_0_screening_part_21,0,fac_ecl,"[32, 64, 128, 256]",group,leaky_relu,8,transposed,"{""loss"": {""low_frequency_weight"": 0.2, ""high_frequency_weight"": 0.2, ""consistency_weight"": 0.2, ""frequency_kernel_size"": 15, ""frequency_sigma"": 3.0, ""consistency"": {""exposure_min"": 0.85, ""exposure_max"": 1.15, ""gamma_min"": 0.85, ""gamma_max"": 1.15, ""color_temperature_delta"": 0.05, ""noise_sigma_min"": 0.0, ""noise_sigma_max"": 0.015}}}",0.001,0.0001,fac_ecl,0.8,0.2,999,1,16,4,True,False,ssim,max,0.0001,15,psnr,max
102,1927075,96,0.8589671850204468,21.445959091186523,0.07887528091669083,0.10690572901048521,0af7d530aa02,fac_ecl_grid_seed_0_screening_part_07,0,fac_ecl,"[32, 64, 128, 256]",group,leaky_relu,8,transposed,"{""loss"": {""low_frequency_weight"": 0.2, ""high_frequency_weight"": 0.05, ""consistency_weight"": 0.1, ""frequency_kernel_size"": 15, ""frequency_sigma"": 3.0, ""consistency"": {""exposure_min"": 0.85, ""exposure_max"": 1.15, ""gamma_min"": 0.85, ""gamma_max"": 1.15, ""color_temperature_delta"": 0.05, ""noise_sigma_min"": 0.0, ""noise_sigma_max"": 0.015}}}",0.001,0.0001,fac_ecl,0.8,0.2,999,1,16,4,True,False,ssim,max,0.0001,15,psnr,max
103,1927075,91,0.858892023563385,21.44152069091797,0.07906828820705414,0.09884684219740439,8be8c7fcb0d3,fac_ecl_grid_seed_0_screening_part_15,0,fac_ecl,"[32, 64, 128, 256]",group,leaky_relu,8,transposed,"{""loss"": {""low_frequency_weight"": 0.05, ""high_frequency_weight"": 0.2, ""consistency_weight"": 0.05, ""frequency_kernel_size"": 15, ""frequency_sigma"": 3.0, ""consistency"": {""exposure_min"": 0.85, ""exposure_max"": 1.15, ""gamma_min"": 0.85, ""gamma_max"": 1.15, ""color_temperature_delta"": 0.05, ""noise_sigma_min"": 0.0, ""noise_sigma_max"": 0.015}}}",0.001,0.0001,fac_ecl,0.8,0.2,999,1,16,4,True,False,ssim,max,0.0001,15,psnr,max
104,1927075,53,0.8588858842849731,21.41792106628418,0.07965674251317978,0.09935634097327357,1c3606dc5333,fac_ecl_grid_seed_0_screening_part_16,0,fac_ecl,"[32, 64, 128, 256]",group,leaky_relu,8,transposed,"{""loss"": {""low_frequency_weight"": 0.05, ""high_frequency_weight"": 0.2, ""consistency_weight"": 0.1, ""frequency_kernel_size"": 15, ""frequency_sigma"": 3.0, ""consistency"": {""exposure_min"": 0.85, ""exposure_max"": 1.15, ""gamma_min"": 0.85, ""gamma_max"": 1.15, ""color_temperature_delta"": 0.05, ""noise_sigma_min"": 0.0, ""noise_sigma_max"": 0.015}}}",0.0005,0.0001,fac_ecl,0.8,0.2,999,1,16,4,True,False,ssim,max,0.0001,15,psnr,max
105,1927075,74,0.8587350845336914,21.386112213134766,0.08074569702148438,0.1013128427059754,d4b71e2f59a8,fac_ecl_grid_seed_0_screening_part_06,0,fac_ecl,"[32, 64, 128, 256]",group,leaky_relu,8,transposed,"{""loss"": {""low_frequency_weight"": 0.1, ""high_frequency_weight"": 0.05, ""consistency_weight"": 0.2, ""frequency_kernel_size"": 15, ""frequency_sigma"": 3.0, ""consistency"": {""exposure_min"": 0.85, ""exposure_max"": 1.15, ""gamma_min"": 0.85, ""gamma_max"": 1.15, ""color_temperature_delta"": 0.05, ""noise_sigma_min"": 0.0, ""noise_sigma_max"": 0.015}}}",0.0002,0.0001,fac_ecl,0.8,0.2,999,1,16,4,True,False,ssim,max,0.0001,15,psnr,max
106,1927075,73,0.8585917353630066,21.56917381286621,0.07788430899381638,0.09879326572020848,c13459918af9,fac_ecl_grid_seed_0_screening_part_04,0,fac_ecl,"[32, 64, 128, 256]",group,leaky_relu,8,transposed,"{""loss"": {""low_frequency_weight"": 0.1, ""high_frequency_weight"": 0.05, ""consistency_weight"": 0.05, ""frequency_kernel_size"": 15, ""frequency_sigma"": 3.0, ""consistency"": {""exposure_min"": 0.85, ""exposure_max"": 1.15, ""gamma_min"": 0.85, ""gamma_max"": 1.15, ""color_temperature_delta"": 0.05, ""noise_sigma_min"": 0.0, ""noise_sigma_max"": 0.015}}}",0.0003,0.0001,fac_ecl,0.8,0.2,999,1,16,4,True,False,ssim,max,0.0001,15,psnr,max
107,1927075,73,0.858376681804657,21.515392303466797,0.07875174283981323,0.10053090049304823,127da06f20f0,fac_ecl_grid_seed_0_screening_part_12,0,fac_ecl,"[32, 64, 128, 256]",group,leaky_relu,8,transposed,"{""loss"": {""low_frequency_weight"": 0.1, ""high_frequency_weight"": 0.1, ""consistency_weight"": 0.1, ""frequency_kernel_size"": 15, ""frequency_sigma"": 3.0, ""consistency"": {""exposure_min"": 0.85, ""exposure_max"": 1.15, ""gamma_min"": 0.85, ""gamma_max"": 1.15, ""color_temperature_delta"": 0.05, ""noise_sigma_min"": 0.0, ""noise_sigma_max"": 0.015}}}",0.0002,0.0001,fac_ecl,0.8,0.2,999,1,16,4,True,False,ssim,max,0.0001,15,psnr,max
108,1927075,62,0.8581611514091492,21.4190731048584,0.07844105362892151,0.09570351124241733,1f536b150a67,fac_ecl_grid_seed_0_screening_part_02,0,fac_ecl,"[32, 64, 128, 256]",group,leaky_relu,8,transposed,"{""loss"": {""low_frequency_weight"": 0.05, ""high_frequency_weight"": 0.05, ""consistency_weight"": 0.1, ""frequency_kernel_size"": 15, ""frequency_sigma"": 3.0, ""consistency"": {""exposure_min"": 0.85, ""exposure_max"": 1.15, ""gamma_min"": 0.85, ""gamma_max"": 1.15, ""color_temperature_delta"": 0.05, ""noise_sigma_min"": 0.0, ""noise_sigma_max"": 0.015}}}",0.0005,0.0001,fac_ecl,0.8,0.2,999,1,16,4,True,False,ssim,max,0.0001,15,psnr,max
109,1927075,87,0.8578066229820251,21.589509963989258,0.07629908621311188,0.09394089154143265,3826bac7e22c,fac_ecl_grid_seed_0_screening_part_02,0,fac_ecl,"[32, 64, 128, 256]",group,leaky_relu,8,transposed,"{""loss"": {""low_frequency_weight"": 0.05, ""high_frequency_weight"": 0.05, ""consistency_weight"": 0.2, ""frequency_kernel_size"": 15, ""frequency_sigma"": 3.0, ""consistency"": {""exposure_min"": 0.85, ""exposure_max"": 1.15, ""gamma_min"": 0.85, ""gamma_max"": 1.15, ""color_temperature_delta"": 0.05, ""noise_sigma_min"": 0.0, ""noise_sigma_max"": 0.015}}}",0.001,0.0001,fac_ecl,0.8,0.2,999,1,16,4,True,False,ssim,max,0.0001,15,psnr,max
110,1927075,80,0.8575859069824219,21.422264099121094,0.0784388855099678,0.10226937534584515,9743aa01a78d,fac_ecl_grid_seed_0_screening_part_21,0,fac_ecl,"[32, 64, 128, 256]",group,leaky_relu,8,transposed,"{""loss"": {""low_frequency_weight"": 0.1, ""high_frequency_weight"": 0.2, ""consistency_weight"": 0.05, ""frequency_kernel_size"": 15, ""frequency_sigma"": 3.0, ""consistency"": {""exposure_min"": 0.85, ""exposure_max"": 1.15, ""gamma_min"": 0.85, ""gamma_max"": 1.15, ""color_temperature_delta"": 0.05, ""noise_sigma_min"": 0.0, ""noise_sigma_max"": 0.015}}}",0.001,0.0001,fac_ecl,0.8,0.2,999,1,16,4,True,False,ssim,max,0.0001,15,psnr,max
111,1927075,57,0.8575085997581482,21.39095687866211,0.07903783023357391,0.10001439968312996,04bfd0d057a3,fac_ecl_grid_seed_0_screening_part_06,0,fac_ecl,"[32, 64, 128, 256]",group,leaky_relu,8,transposed,"{""loss"": {""low_frequency_weight"": 0.1, ""high_frequency_weight"": 0.05, ""consistency_weight"": 0.2, ""frequency_kernel_size"": 15, ""frequency_sigma"": 3.0, ""consistency"": {""exposure_min"": 0.85, ""exposure_max"": 1.15, ""gamma_min"": 0.85, ""gamma_max"": 1.15, ""color_temperature_delta"": 0.05, ""noise_sigma_min"": 0.0, ""noise_sigma_max"": 0.015}}}",0.0003,0.0001,fac_ecl,0.8,0.2,999,1,16,4,True,False,ssim,max,0.0001,15,psnr,max
112,1927075,73,0.857472836971283,21.44915771484375,0.07925190776586533,0.09933141230241112,4c46eb00e70b,fac_ecl_grid_seed_0_screening_part_16,0,fac_ecl,"[32, 64, 128, 256]",group,leaky_relu,8,transposed,"{""loss"": {""low_frequency_weight"": 0.05, ""high_frequency_weight"": 0.2, ""consistency_weight"": 0.2, ""frequency_kernel_size"": 15, ""frequency_sigma"": 3.0, ""consistency"": {""exposure_min"": 0.85, ""exposure_max"": 1.15, ""gamma_min"": 0.85, ""gamma_max"": 1.15, ""color_temperature_delta"": 0.05, ""noise_sigma_min"": 0.0, ""noise_sigma_max"": 0.015}}}",0.001,0.0001,fac_ecl,0.8,0.2,999,1,16,4,True,False,ssim,max,0.0001,15,psnr,max
113,1927075,113,0.8573423624038696,21.520336151123047,0.07851188629865646,0.10781132796968239,5fece1fb4dda,fac_ecl_grid_seed_0_screening_part_14,0,fac_ecl,"[32, 64, 128, 256]",group,leaky_relu,8,transposed,"{""loss"": {""low_frequency_weight"": 0.2, ""high_frequency_weight"": 0.1, ""consistency_weight"": 0.05, ""frequency_kernel_size"": 15, ""frequency_sigma"": 3.0, ""consistency"": {""exposure_min"": 0.85, ""exposure_max"": 1.15, ""gamma_min"": 0.85, ""gamma_max"": 1.15, ""color_temperature_delta"": 0.05, ""noise_sigma_min"": 0.0, ""noise_sigma_max"": 0.015}}}",0.001,0.0001,fac_ecl,0.8,0.2,999,1,16,4,True,False,ssim,max,0.0001,15,psnr,max
114,1927075,81,0.8571465611457825,21.509510040283203,0.07823418080806732,0.09665258369152097,af178f5dc890,fac_ecl_grid_seed_0_screening_part_09,0,fac_ecl,"[32, 64, 128, 256]",group,leaky_relu,8,transposed,"{""loss"": {""low_frequency_weight"": 0.05, ""high_frequency_weight"": 0.1, ""consistency_weight"": 0.2, ""frequency_kernel_size"": 15, ""frequency_sigma"": 3.0, ""consistency"": {""exposure_min"": 0.85, ""exposure_max"": 1.15, ""gamma_min"": 0.85, ""gamma_max"": 1.15, ""color_temperature_delta"": 0.05, ""noise_sigma_min"": 0.0, ""noise_sigma_max"": 0.015}}}",0.001,0.0001,fac_ecl,0.8,0.2,999,1,16,4,True,False,ssim,max,0.0001,15,psnr,max
115,1927075,61,0.8569669723510742,21.46134376525879,0.07806189358234406,0.10209442102822705,2f2748551c21,fac_ecl_grid_seed_0_screening_part_20,0,fac_ecl,"[32, 64, 128, 256]",group,leaky_relu,8,transposed,"{""loss"": {""low_frequency_weight"": 0.1, ""high_frequency_weight"": 0.2, ""consistency_weight"": 0.2, ""frequency_kernel_size"": 15, ""frequency_sigma"": 3.0, ""consistency"": {""exposure_min"": 0.85, ""exposure_max"": 1.15, ""gamma_min"": 0.85, ""gamma_max"": 1.15, ""color_temperature_delta"": 0.05, ""noise_sigma_min"": 0.0, ""noise_sigma_max"": 0.015}}}",0.0005,0.0001,fac_ecl,0.8,0.2,999,1,16,4,True,False,ssim,max,0.0001,15,psnr,max
116,1927075,69,0.8568786978721619,21.403152465820312,0.0780327245593071,0.10649282960356146,badf3aa8db9e,fac_ecl_grid_seed_0_screening_part_07,0,fac_ecl,"[32, 64, 128, 256]",group,leaky_relu,8,transposed,"{""loss"": {""low_frequency_weight"": 0.2, ""high_frequency_weight"": 0.05, ""consistency_weight"": 0.2, ""frequency_kernel_size"": 15, ""frequency_sigma"": 3.0, ""consistency"": {""exposure_min"": 0.85, ""exposure_max"": 1.15, ""gamma_min"": 0.85, ""gamma_max"": 1.15, ""color_temperature_delta"": 0.05, ""noise_sigma_min"": 0.0, ""noise_sigma_max"": 0.015}}}",0.001,0.0001,fac_ecl,0.8,0.2,999,1,16,4,True,False,ssim,max,0.0001,15,psnr,max
117,1927075,62,0.8568681478500366,21.48957061767578,0.07755986601114273,0.09617358986018361,9d56f75cac79,fac_ecl_grid_seed_0_screening_part_09,0,fac_ecl,"[32, 64, 128, 256]",group,leaky_relu,8,transposed,"{""loss"": {""low_frequency_weight"": 0.05, ""high_frequency_weight"": 0.1, ""consistency_weight"": 0.2, ""frequency_kernel_size"": 15, ""frequency_sigma"": 3.0, ""consistency"": {""exposure_min"": 0.85, ""exposure_max"": 1.15, ""gamma_min"": 0.85, ""gamma_max"": 1.15, ""color_temperature_delta"": 0.05, ""noise_sigma_min"": 0.0, ""noise_sigma_max"": 0.015}}}",0.0005,0.0001,fac_ecl,0.8,0.2,999,1,16,4,True,False,ssim,max,0.0001,15,psnr,max
118,1927075,62,0.8568538427352905,21.536277770996094,0.07781638205051422,0.09637569765681805,2c69af35cd16,fac_ecl_grid_seed_0_screening_part_08,0,fac_ecl,"[32, 64, 128, 256]",group,leaky_relu,8,transposed,"{""loss"": {""low_frequency_weight"": 0.05, ""high_frequency_weight"": 0.1, ""consistency_weight"": 0.02, ""frequency_kernel_size"": 15, ""frequency_sigma"": 3.0, ""consistency"": {""exposure_min"": 0.85, ""exposure_max"": 1.15, ""gamma_min"": 0.85, ""gamma_max"": 1.15, ""color_temperature_delta"": 0.05, ""noise_sigma_min"": 0.0, ""noise_sigma_max"": 0.015}}}",0.0005,0.0001,fac_ecl,0.8,0.2,999,1,16,4,True,False,ssim,max,0.0001,15,psnr,max
119,1927075,61,0.856853723526001,21.457307815551758,0.07770966738462448,0.10622802635897761,5ca4f7589552,fac_ecl_grid_seed_0_screening_part_05,0,fac_ecl,"[32, 64, 128, 256]",group,leaky_relu,8,transposed,"{""loss"": {""low_frequency_weight"": 0.2, ""high_frequency_weight"": 0.05, ""consistency_weight"": 0.1, ""frequency_kernel_size"": 15, ""frequency_sigma"": 3.0, ""consistency"": {""exposure_min"": 0.85, ""exposure_max"": 1.15, ""gamma_min"": 0.85, ""gamma_max"": 1.15, ""color_temperature_delta"": 0.05, ""noise_sigma_min"": 0.0, ""noise_sigma_max"": 0.015}}}",0.0003,0.0001,fac_ecl,0.8,0.2,999,1,16,4,True,False,ssim,max,0.0001,15,psnr,max
120,1927075,63,0.8568185567855835,21.382827758789062,0.07991737872362137,0.10193331377661746,3ae0922950e3,fac_ecl_grid_seed_0_screening_part_12,0,fac_ecl,"[32, 64, 128, 256]",group,leaky_relu,8,transposed,"{""loss"": {""low_frequency_weight"": 0.1, ""high_frequency_weight"": 0.1, ""consistency_weight"": 0.1, ""frequency_kernel_size"": 15, ""frequency_sigma"": 3.0, ""consistency"": {""exposure_min"": 0.85, ""exposure_max"": 1.15, ""gamma_min"": 0.85, ""gamma_max"": 1.15, ""color_temperature_delta"": 0.05, ""noise_sigma_min"": 0.0, ""noise_sigma_max"": 0.015}}}",0.0005,0.0001,fac_ecl,0.8,0.2,999,1,16,4,True,False,ssim,max,0.0001,15,psnr,max
121,1927075,93,0.8567523956298828,21.472267150878906,0.0779610276222229,0.10013262733169224,e6066e17785c,fac_ecl_grid_seed_0_screening_part_14,0,fac_ecl,"[32, 64, 128, 256]",group,leaky_relu,8,transposed,"{""loss"": {""low_frequency_weight"": 0.1, ""high_frequency_weight"": 0.1, ""consistency_weight"": 0.05, ""frequency_kernel_size"": 15, ""frequency_sigma"": 3.0, ""consistency"": {""exposure_min"": 0.85, ""exposure_max"": 1.15, ""gamma_min"": 0.85, ""gamma_max"": 1.15, ""color_temperature_delta"": 0.05, ""noise_sigma_min"": 0.0, ""noise_sigma_max"": 0.015}}}",0.001,0.0001,fac_ecl,0.8,0.2,999,1,16,4,True,False,ssim,max,0.0001,15,psnr,max
122,1927075,74,0.8566890358924866,21.21136474609375,0.0809551328420639,0.10095877157173296,26af56c3bd81,fac_ecl_grid_seed_0_screening_part_16,0,fac_ecl,"[32, 64, 128, 256]",group,leaky_relu,8,transposed,"{""loss"": {""low_frequency_weight"": 0.05, ""high_frequency_weight"": 0.2, ""consistency_weight"": 0.1, ""frequency_kernel_size"": 15, ""frequency_sigma"": 3.0, ""consistency"": {""exposure_min"": 0.85, ""exposure_max"": 1.15, ""gamma_min"": 0.85, ""gamma_max"": 1.15, ""color_temperature_delta"": 0.05, ""noise_sigma_min"": 0.0, ""noise_sigma_max"": 0.015}}}",0.001,0.0001,fac_ecl,0.8,0.2,999,1,16,4,True,False,ssim,max,0.0001,15,psnr,max
123,1927075,65,0.8564885854721069,21.504623413085938,0.07744710147380829,0.1059393995050071,2b493a1bd38a,fac_ecl_grid_seed_0_screening_part_07,0,fac_ecl,"[32, 64, 128, 256]",group,leaky_relu,8,transposed,"{""loss"": {""low_frequency_weight"": 0.2, ""high_frequency_weight"": 0.05, ""consistency_weight"": 0.05, ""frequency_kernel_size"": 15, ""frequency_sigma"": 3.0, ""consistency"": {""exposure_min"": 0.85, ""exposure_max"": 1.15, ""gamma_min"": 0.85, ""gamma_max"": 1.15, ""color_temperature_delta"": 0.05, ""noise_sigma_min"": 0.0, ""noise_sigma_max"": 0.015}}}",0.001,0.0001,fac_ecl,0.8,0.2,999,1,16,4,True,False,ssim,max,0.0001,15,psnr,max
124,1927075,57,0.8562486171722412,21.280792236328125,0.07980800420045853,0.10378546699665595,6f71e9b10a57,fac_ecl_grid_seed_0_screening_part_21,0,fac_ecl,"[32, 64, 128, 256]",group,leaky_relu,8,transposed,"{""loss"": {""low_frequency_weight"": 0.1, ""high_frequency_weight"": 0.2, ""consistency_weight"": 0.2, ""frequency_kernel_size"": 15, ""frequency_sigma"": 3.0, ""consistency"": {""exposure_min"": 0.85, ""exposure_max"": 1.15, ""gamma_min"": 0.85, ""gamma_max"": 1.15, ""color_temperature_delta"": 0.05, ""noise_sigma_min"": 0.0, ""noise_sigma_max"": 0.015}}}",0.001,0.0001,fac_ecl,0.8,0.2,999,1,16,4,True,False,ssim,max,0.0001,15,psnr,max
125,1927075,70,0.8562184572219849,21.44984245300293,0.07924582809209824,0.1087482072736906,546f4cf48f6c,fac_ecl_grid_seed_0_screening_part_10,0,fac_ecl,"[32, 64, 128, 256]",group,leaky_relu,8,transposed,"{""loss"": {""low_frequency_weight"": 0.2, ""high_frequency_weight"": 0.1, ""consistency_weight"": 0.02, ""frequency_kernel_size"": 15, ""frequency_sigma"": 3.0, ""consistency"": {""exposure_min"": 0.85, ""exposure_max"": 1.15, ""gamma_min"": 0.85, ""gamma_max"": 1.15, ""color_temperature_delta"": 0.05, ""noise_sigma_min"": 0.0, ""noise_sigma_max"": 0.015}}}",0.0005,0.0001,fac_ecl,0.8,0.2,999,1,16,4,True,False,ssim,max,0.0001,15,psnr,max
126,1927075,62,0.8561372756958008,21.458913803100586,0.0786254033446312,0.11005251779072527,a5e22d6529ea,fac_ecl_grid_seed_0_screening_part_21,0,fac_ecl,"[32, 64, 128, 256]",group,leaky_relu,8,transposed,"{""loss"": {""low_frequency_weight"": 0.2, ""high_frequency_weight"": 0.2, ""consistency_weight"": 0.02, ""frequency_kernel_size"": 15, ""frequency_sigma"": 3.0, ""consistency"": {""exposure_min"": 0.85, ""exposure_max"": 1.15, ""gamma_min"": 0.85, ""gamma_max"": 1.15, ""color_temperature_delta"": 0.05, ""noise_sigma_min"": 0.0, ""noise_sigma_max"": 0.015}}}",0.001,0.0001,fac_ecl,0.8,0.2,999,1,16,4,True,False,ssim,max,0.0001,15,psnr,max
127,1927075,81,0.85599684715271,21.492464065551758,0.07795574516057968,0.09572943451179974,d276bec42ddf,fac_ecl_grid_seed_0_screening_part_01,0,fac_ecl,"[32, 64, 128, 256]",group,leaky_relu,8,transposed,"{""loss"": {""low_frequency_weight"": 0.05, ""high_frequency_weight"": 0.05, ""consistency_weight"": 0.02, ""frequency_kernel_size"": 15, ""frequency_sigma"": 3.0, ""consistency"": {""exposure_min"": 0.85, ""exposure_max"": 1.15, ""gamma_min"": 0.85, ""gamma_max"": 1.15, ""color_temperature_delta"": 0.05, ""noise_sigma_min"": 0.0, ""noise_sigma_max"": 0.015}}}",0.001,0.0001,fac_ecl,0.8,0.2,999,1,16,4,True,False,ssim,max,0.0001,15,psnr,max
128,1927075,61,0.8559924364089966,21.531692504882812,0.0793662965297699,0.10895589350358299,c6bf27cf7886,fac_ecl_grid_seed_0_screening_part_13,0,fac_ecl,"[32, 64, 128, 256]",group,leaky_relu,8,transposed,"{""loss"": {""low_frequency_weight"": 0.2, ""high_frequency_weight"": 0.1, ""consistency_weight"": 0.2, ""frequency_kernel_size"": 15, ""frequency_sigma"": 3.0, ""consistency"": {""exposure_min"": 0.85, ""exposure_max"": 1.15, ""gamma_min"": 0.85, ""gamma_max"": 1.15, ""color_temperature_delta"": 0.05, ""noise_sigma_min"": 0.0, ""noise_sigma_max"": 0.015}}}",0.0002,0.0001,fac_ecl,0.8,0.2,999,1,16,4,True,False,ssim,max,0.0001,15,psnr,max
129,1927075,51,0.8558727502822876,21.291086196899414,0.0796702578663826,0.1037812947795011,b99d5d062414,fac_ecl_grid_seed_0_screening_part_21,0,fac_ecl,"[32, 64, 128, 256]",group,leaky_relu,8,transposed,"{""loss"": {""low_frequency_weight"": 0.1, ""high_frequency_weight"": 0.2, ""consistency_weight"": 0.1, ""frequency_kernel_size"": 15, ""frequency_sigma"": 3.0, ""consistency"": {""exposure_min"": 0.85, ""exposure_max"": 1.15, ""gamma_min"": 0.85, ""gamma_max"": 1.15, ""color_temperature_delta"": 0.05, ""noise_sigma_min"": 0.0, ""noise_sigma_max"": 0.015}}}",0.001,0.0001,fac_ecl,0.8,0.2,999,1,16,4,True,False,ssim,max,0.0001,15,psnr,max
130,1927075,57,0.8558349609375,21.474685668945312,0.0780486911535263,0.10672559470370196,1240536a9b6d,fac_ecl_grid_seed_0_screening_part_03,0,fac_ecl,"[32, 64, 128, 256]",group,leaky_relu,8,transposed,"{""loss"": {""low_frequency_weight"": 0.2, ""high_frequency_weight"": 0.05, ""consistency_weight"": 0.02, ""frequency_kernel_size"": 15, ""frequency_sigma"": 3.0, ""consistency"": {""exposure_min"": 0.85, ""exposure_max"": 1.15, ""gamma_min"": 0.85, ""gamma_max"": 1.15, ""color_temperature_delta"": 0.05, ""noise_sigma_min"": 0.0, ""noise_sigma_max"": 0.015}}}",0.0005,0.0001,fac_ecl,0.8,0.2,999,1,16,4,True,False,ssim,max,0.0001,15,psnr,max
131,1927075,62,0.8554926514625549,21.44671630859375,0.07830453664064407,0.10797387804242148,b6792719bba1,fac_ecl_grid_seed_0_screening_part_11,0,fac_ecl,"[32, 64, 128, 256]",group,leaky_relu,8,transposed,"{""loss"": {""low_frequency_weight"": 0.2, ""high_frequency_weight"": 0.1, ""consistency_weight"": 0.05, ""frequency_kernel_size"": 15, ""frequency_sigma"": 3.0, ""consistency"": {""exposure_min"": 0.85, ""exposure_max"": 1.15, ""gamma_min"": 0.85, ""gamma_max"": 1.15, ""color_temperature_delta"": 0.05, ""noise_sigma_min"": 0.0, ""noise_sigma_max"": 0.015}}}",0.0005,0.0001,fac_ecl,0.8,0.2,999,1,16,4,True,False,ssim,max,0.0001,15,psnr,max
132,1927075,51,0.8549039959907532,21.323654174804688,0.07959207147359848,0.1113318034272263,e41ec83fb2fc,fac_ecl_grid_seed_0_screening_part_18,0,fac_ecl,"[32, 64, 128, 256]",group,leaky_relu,8,transposed,"{""loss"": {""low_frequency_weight"": 0.2, ""high_frequency_weight"": 0.2, ""consistency_weight"": 0.05, ""frequency_kernel_size"": 15, ""frequency_sigma"": 3.0, ""consistency"": {""exposure_min"": 0.85, ""exposure_max"": 1.15, ""gamma_min"": 0.85, ""gamma_max"": 1.15, ""color_temperature_delta"": 0.05, ""noise_sigma_min"": 0.0, ""noise_sigma_max"": 0.015}}}",0.0002,0.0001,fac_ecl,0.8,0.2,999,1,16,4,True,False,ssim,max,0.0001,15,psnr,max
133,1927075,71,0.8541916012763977,21.350622177124023,0.07949787378311157,0.1020406242729961,78afb3873f6f,fac_ecl_grid_seed_0_screening_part_14,0,fac_ecl,"[32, 64, 128, 256]",group,leaky_relu,8,transposed,"{""loss"": {""low_frequency_weight"": 0.1, ""high_frequency_weight"": 0.1, ""consistency_weight"": 0.02, ""frequency_kernel_size"": 15, ""frequency_sigma"": 3.0, ""consistency"": {""exposure_min"": 0.85, ""exposure_max"": 1.15, ""gamma_min"": 0.85, ""gamma_max"": 1.15, ""color_temperature_delta"": 0.05, ""noise_sigma_min"": 0.0, ""noise_sigma_max"": 0.015}}}",0.001,0.0001,fac_ecl,0.8,0.2,999,1,16,4,True,False,ssim,max,0.0001,15,psnr,max
134,1927075,41,0.854131281375885,21.364307403564453,0.0802021250128746,0.11015450101399767,59946baa7fbf,fac_ecl_grid_seed_0_screening_part_12,0,fac_ecl,"[32, 64, 128, 256]",group,leaky_relu,8,transposed,"{""loss"": {""low_frequency_weight"": 0.2, ""high_frequency_weight"": 0.1, ""consistency_weight"": 0.1, ""frequency_kernel_size"": 15, ""frequency_sigma"": 3.0, ""consistency"": {""exposure_min"": 0.85, ""exposure_max"": 1.15, ""gamma_min"": 0.85, ""gamma_max"": 1.15, ""color_temperature_delta"": 0.05, ""noise_sigma_min"": 0.0, ""noise_sigma_max"": 0.015}}}",0.0005,0.0001,fac_ecl,0.8,0.2,999,1,16,4,True,False,ssim,max,0.0001,15,psnr,max
135,1927075,53,0.8540467023849487,21.314023971557617,0.07938384264707565,0.10103246083726054,bc5aab0e2105,fac_ecl_grid_seed_0_screening_part_07,0,fac_ecl,"[32, 64, 128, 256]",group,leaky_relu,8,transposed,"{""loss"": {""low_frequency_weight"": 0.1, ""high_frequency_weight"": 0.05, ""consistency_weight"": 0.1, ""frequency_kernel_size"": 15, ""frequency_sigma"": 3.0, ""consistency"": {""exposure_min"": 0.85, ""exposure_max"": 1.15, ""gamma_min"": 0.85, ""gamma_max"": 1.15, ""color_temperature_delta"": 0.05, ""noise_sigma_min"": 0.0, ""noise_sigma_max"": 0.015}}}",0.001,0.0001,fac_ecl,0.8,0.2,999,1,16,4,True,False,ssim,max,0.0001,15,psnr,max
136,1927075,61,0.8539226055145264,21.48617935180664,0.07837634533643723,0.09745466838712277,ac2bb8c710ae,fac_ecl_grid_seed_0_screening_part_08,0,fac_ecl,"[32, 64, 128, 256]",group,leaky_relu,8,transposed,"{""loss"": {""low_frequency_weight"": 0.05, ""high_frequency_weight"": 0.1, ""consistency_weight"": 0.02, ""frequency_kernel_size"": 15, ""frequency_sigma"": 3.0, ""consistency"": {""exposure_min"": 0.85, ""exposure_max"": 1.15, ""gamma_min"": 0.85, ""gamma_max"": 1.15, ""color_temperature_delta"": 0.05, ""noise_sigma_min"": 0.0, ""noise_sigma_max"": 0.015}}}",0.001,0.0001,fac_ecl,0.8,0.2,999,1,16,4,True,False,ssim,max,0.0001,15,psnr,max
137,1927075,43,0.8533479571342468,21.31047248840332,0.07938209176063538,0.1113849974412849,f1fb8ee66e94,fac_ecl_grid_seed_0_screening_part_18,0,fac_ecl,"[32, 64, 128, 256]",group,leaky_relu,8,transposed,"{""loss"": {""low_frequency_weight"": 0.2, ""high_frequency_weight"": 0.2, ""consistency_weight"": 0.05, ""frequency_kernel_size"": 15, ""frequency_sigma"": 3.0, ""consistency"": {""exposure_min"": 0.85, ""exposure_max"": 1.15, ""gamma_min"": 0.85, ""gamma_max"": 1.15, ""color_temperature_delta"": 0.05, ""noise_sigma_min"": 0.0, ""noise_sigma_max"": 0.015}}}",0.0005,0.0001,fac_ecl,0.8,0.2,999,1,16,4,True,False,ssim,max,0.0001,15,psnr,max
138,1927075,63,0.8533003926277161,21.244876861572266,0.08073793351650238,0.09866344669590825,2b69bcf3bb95,fac_ecl_grid_seed_0_screening_part_02,0,fac_ecl,"[32, 64, 128, 256]",group,leaky_relu,8,transposed,"{""loss"": {""low_frequency_weight"": 0.05, ""high_frequency_weight"": 0.05, ""consistency_weight"": 0.1, ""frequency_kernel_size"": 15, ""frequency_sigma"": 3.0, ""consistency"": {""exposure_min"": 0.85, ""exposure_max"": 1.15, ""gamma_min"": 0.85, ""gamma_max"": 1.15, ""color_temperature_delta"": 0.05, ""noise_sigma_min"": 0.0, ""noise_sigma_max"": 0.015}}}",0.001,0.0001,fac_ecl,0.8,0.2,999,1,16,4,True,False,ssim,max,0.0001,15,psnr,max
139,1927075,41,0.8521645665168762,21.367212295532227,0.07969113439321518,0.10908828254627145,89eecc496b4d,fac_ecl_grid_seed_0_screening_part_05,0,fac_ecl,"[32, 64, 128, 256]",group,leaky_relu,8,transposed,"{""loss"": {""low_frequency_weight"": 0.2, ""high_frequency_weight"": 0.05, ""consistency_weight"": 0.1, ""frequency_kernel_size"": 15, ""frequency_sigma"": 3.0, ""consistency"": {""exposure_min"": 0.85, ""exposure_max"": 1.15, ""gamma_min"": 0.85, ""gamma_max"": 1.15, ""color_temperature_delta"": 0.05, ""noise_sigma_min"": 0.0, ""noise_sigma_max"": 0.015}}}",0.0005,0.0001,fac_ecl,0.8,0.2,999,1,16,4,True,False,ssim,max,0.0001,15,psnr,max
140,1927075,51,0.8519941568374634,21.3260498046875,0.0797448605298996,0.11016147000634152,6fd023e0f4d9,fac_ecl_grid_seed_0_screening_part_14,0,fac_ecl,"[32, 64, 128, 256]",group,leaky_relu,8,transposed,"{""loss"": {""low_frequency_weight"": 0.2, ""high_frequency_weight"": 0.1, ""consistency_weight"": 0.1, ""frequency_kernel_size"": 15, ""frequency_sigma"": 3.0, ""consistency"": {""exposure_min"": 0.85, ""exposure_max"": 1.15, ""gamma_min"": 0.85, ""gamma_max"": 1.15, ""color_temperature_delta"": 0.05, ""noise_sigma_min"": 0.0, ""noise_sigma_max"": 0.015}}}",0.001,0.0001,fac_ecl,0.8,0.2,999,1,16,4,True,False,ssim,max,0.0001,15,psnr,max
141,1927075,58,0.8517025113105774,21.31692123413086,0.07957233488559723,0.10168614508449167,69779cb23908,fac_ecl_grid_seed_0_screening_part_07,0,fac_ecl,"[32, 64, 128, 256]",group,leaky_relu,8,transposed,"{""loss"": {""low_frequency_weight"": 0.1, ""high_frequency_weight"": 0.05, ""consistency_weight"": 0.02, ""frequency_kernel_size"": 15, ""frequency_sigma"": 3.0, ""consistency"": {""exposure_min"": 0.85, ""exposure_max"": 1.15, ""gamma_min"": 0.85, ""gamma_max"": 1.15, ""color_temperature_delta"": 0.05, ""noise_sigma_min"": 0.0, ""noise_sigma_max"": 0.015}}}",0.001,0.0001,fac_ecl,0.8,0.2,999,1,16,4,True,False,ssim,max,0.0001,15,psnr,max
142,1927075,36,0.8499653935432434,21.214698791503906,0.08047886192798615,0.11128577622382538,9f2ffa6628ef,fac_ecl_grid_seed_0_screening_part_14,0,fac_ecl,"[32, 64, 128, 256]",group,leaky_relu,8,transposed,"{""loss"": {""low_frequency_weight"": 0.2, ""high_frequency_weight"": 0.1, ""consistency_weight"": 0.02, ""frequency_kernel_size"": 15, ""frequency_sigma"": 3.0, ""consistency"": {""exposure_min"": 0.85, ""exposure_max"": 1.15, ""gamma_min"": 0.85, ""gamma_max"": 1.15, ""color_temperature_delta"": 0.05, ""noise_sigma_min"": 0.0, ""noise_sigma_max"": 0.015}}}",0.001,0.0001,fac_ecl,0.8,0.2,999,1,16,4,True,False,ssim,max,0.0001,15,psnr,max
143,1927075,35,0.8477546572685242,21.181190490722656,0.08098442107439041,0.11422814137261847,0fe0174077ab,fac_ecl_grid_seed_0_screening_part_21,0,fac_ecl,"[32, 64, 128, 256]",group,leaky_relu,8,transposed,"{""loss"": {""low_frequency_weight"": 0.2, ""high_frequency_weight"": 0.2, ""consistency_weight"": 0.05, ""frequency_kernel_size"": 15, ""frequency_sigma"": 3.0, ""consistency"": {""exposure_min"": 0.85, ""exposure_max"": 1.15, ""gamma_min"": 0.85, ""gamma_max"": 1.15, ""color_temperature_delta"": 0.05, ""noise_sigma_min"": 0.0, ""noise_sigma_max"": 0.015}}}",0.001,0.0001,fac_ecl,0.8,0.2,999,1,16,4,True,False,ssim,max,0.0001,15,psnr,max
144,1927075,33,0.8476972579956055,21.18856430053711,0.08072035759687424,0.1007373109459877,496374d8ce38,fac_ecl_grid_seed_0_screening_part_09,0,fac_ecl,"[32, 64, 128, 256]",group,leaky_relu,8,transposed,"{""loss"": {""low_frequency_weight"": 0.05, ""high_frequency_weight"": 0.1, ""consistency_weight"": 0.1, ""frequency_kernel_size"": 15, ""frequency_sigma"": 3.0, ""consistency"": {""exposure_min"": 0.85, ""exposure_max"": 1.15, ""gamma_min"": 0.85, ""gamma_max"": 1.15, ""color_temperature_delta"": 0.05, ""noise_sigma_min"": 0.0, ""noise_sigma_max"": 0.015}}}",0.001,0.0001,fac_ecl,0.8,0.2,999,1,16,4,True,False,ssim,max,0.0001,15,psnr,max
